switch,arsenic,distance,association,education
1,2.36,16.826000213623,0,0
1,0.71,47.3219985961914,0,0
0,2.07,20.966999053955103,0,10
1,1.15,21.4860000610352,0,12
1,1.1,40.8740005493164,1,14
1,3.9,69.5179977416992,1,9
1,2.97,80.71099853515629,1,4
1,3.24,55.145999908447294,0,10
1,3.28,52.646999359130895,1,0
1,2.52,75.0719985961914,1,0
1,3.13,29.774000167846697,1,5
1,3.04,34.504001617431605,0,0
1,2.91,63.80400085449221,1,0
1,3.21,73.6039962768555,1,0
1,1.7,67.65499877929689,1,0
1,1.8,80.6600036621094,1,7
1,1.44,52.181999206543,0,7
1,1.43,52.181999206543,1,7
1,2.33,50.534000396728494,1,0
1,2.83,31.422000885009798,0,10
1,1.79,33.0089988708496,1,7
1,2.54,37.870998382568395,0,0
1,2.25,48.37300109863279,1,5
1,2.42,47.308998107910206,0,0
1,1.62,67.78500366210939,0,8
1,2.34,81.13800048828129,1,8
1,3.49,95.4599990844727,0,10
1,2.13,114.417999267578,0,16
1,0.93,157.628997802734,1,10
1,3.36,151.919998168945,1,10
1,1.49,107.69100189209,0,10
1,0.83,105.667999267578,0,10
1,1.37,105.62599945068399,1,0
0,2.8,107.69100189209,0,0
0,0.81,107.69100189209,0,0
1,1.48,125.317001342773,1,3
0,1.92,107.69100189209,1,0
1,2.74,107.69100189209,0,10
1,2.49,107.69100189209,1,0
0,3.95,107.69100189209,0,0
1,2.75,107.69100189209,0,0
1,2.91,54.5699996948242,0,0
1,0.83,54.5699996948242,0,0
1,3.67,54.5699996948242,1,5
1,2.9,54.5699996948242,0,0
1,0.78,54.5699996948242,1,10
0,2.52,3.61800003051758,1,5
1,2.48,58.1669998168945,0,0
1,4.47,72.3460006713867,0,8
1,1.52,40.318000793456996,0,0
1,1.8,67.2190017700195,0,0
0,0.51,99.01300048828129,0,0
1,0.64,115.91300201416,1,0
1,1.01,71.7990036010742,1,5
1,0.74,141.535995483398,0,8
1,1.81,84.6460037231445,1,0
1,2.69,65.931999206543,0,0
1,4.85,67.94000244140629,1,0
1,3.18,64.697998046875,0,6
1,5.06,62.6349983215332,1,10
1,2.69,47.909000396728494,0,10
1,0.57,24.0030002593994,0,12
1,4.55,17.982000350952102,0,7
0,3.91,11.147000312805199,1,6
1,0.89,39.9770011901855,1,5
0,1.0,69.1309967041016,0,0
1,0.95,37.6529998779297,1,0
1,3.55,32.070999145507805,1,7
1,4.52,19.0839996337891,0,5
1,4.76,23.912000656127898,0,0
1,1.99,28.559999465942397,1,5
0,2.85,21.9650001525879,0,0
0,0.81,91.0070037841797,0,0
1,2.85,26.513000488281303,1,8
1,2.18,23.323999404907198,0,3
1,4.23,31.591999053955103,0,5
1,1.92,31.323999404907198,1,0
1,1.63,38.8489990234375,0,8
1,5.45,9.12600040435791,1,0
0,1.57,19.381999969482397,0,8
1,1.94,12.461000442504899,0,8
1,1.58,14.937000274658198,0,0
1,0.67,13.2189998626709,1,5
1,1.4,6.82999992370605,0,5
0,1.18,30.4060001373291,1,3
0,0.77,18.5510005950928,1,5
0,0.77,24.8290004730225,0,0
1,1.44,28.6709995269775,0,12
0,0.77,20.871000289917,1,5
1,0.77,20.1200008392334,1,0
0,0.73,13.4940004348755,1,5
1,1.9,19.1919994354248,0,0
0,0.72,28.645999908447298,0,8
0,0.88,16.1660003662109,0,0
0,1.04,27.42799949646,0,5
0,1.21,15.83899974823,1,0
1,1.44,14.4180002212524,1,5
0,0.64,29.277999877929698,1,14
0,0.8,43.944000244140604,1,14
1,1.93,20.229999542236303,0,0
0,0.56,50.0919990539551,0,5
0,1.32,66.879997253418,0,5
0,0.52,69.4820022583008,0,3
0,1.19,48.7080001831055,1,5
0,1.18,22.635999679565398,1,12
0,1.26,10.1230001449585,0,5
0,0.88,42.8279991149902,0,8
0,3.16,21.0890007019043,0,5
0,2.12,47.534000396728494,0,5
1,0.76,15.7119998931885,0,5
0,0.56,12.1850004196167,0,5
0,0.62,23.5590000152588,0,0
1,1.03,1.84800004959106,0,5
0,0.78,90.9209976196289,0,5
0,1.02,93.8280029296875,1,5
0,0.65,82.1060028076172,1,9
1,2.29,46.9560012817383,1,3
1,1.6,24.2099990844727,1,4
1,0.82,43.290000915527294,0,5
1,1.44,25.1469993591309,0,10
1,0.97,14.604000091552699,0,0
0,0.89,1.40100002288818,0,8
1,1.39,8.21000003814697,0,12
1,0.83,18.868000030517603,0,0
1,0.57,23.4009990692139,0,0
1,1.47,18.5319995880127,1,9
1,1.11,36.2869987487793,0,10
1,2.38,40.4980010986328,0,12
0,3.97,90.5709991455078,0,0
1,3.51,115.157997131348,1,3
0,3.69,112.762001037598,1,0
1,2.95,93.43099975585942,1,0
0,3.21,97.2170028686523,0,0
1,3.65,88.34500122070308,1,0
1,4.42,41.1040000915527,1,5
1,4.12,46.2400016784668,0,3
1,3.62,65.3539962768555,1,3
1,3.8,43.7350006103516,1,2
1,4.46,61.57099914550779,0,5
1,4.04,78.4150009155273,1,0
1,3.32,63.50199890136721,0,5
0,2.07,69.2689971923828,1,5
1,1.43,57.92900085449221,1,6
1,2.3,85.3870010375977,0,5
1,1.41,110.60900115966801,0,5
1,2.34,111.48999786377001,1,0
1,1.5,176.19700622558602,0,0
0,1.44,172.108001708984,0,0
0,1.54,177.80299377441398,0,0
1,1.35,22.6709995269775,1,0
1,0.54,27.8810005187988,1,5
1,1.17,19.2600002288818,0,8
0,1.02,24.5,0,0
1,1.11,6.63299989700317,0,5
0,0.52,7.04099988937378,0,10
0,0.56,30.3139991760254,1,8
1,0.61,21.979000091552702,1,0
1,2.17,10.458000183105499,1,5
0,0.61,74.9990005493164,0,5
1,0.96,81.9710006713867,1,3
1,0.94,92.1760025024414,1,5
1,0.93,106.60800170898399,1,3
0,1.02,103.060997009277,1,4
0,1.24,86.6050033569336,0,0
0,1.42,110.561996459961,0,5
0,1.31,122.325996398926,0,5
0,0.83,122.018997192383,0,0
0,2.64,57.632999420165994,1,2
0,1.84,39.596000671386705,0,5
0,2.48,39.515998840331996,0,0
0,1.27,21.5550003051758,0,10
0,0.69,51.74800109863279,0,0
1,0.61,13.520999908447301,1,5
0,0.89,31.4540004730225,0,5
1,0.75,89.43099975585942,0,5
0,0.81,19.2639999389648,1,0
0,1.81,53.362998962402294,1,9
0,1.25,30.128999710082997,1,0
1,1.12,27.136999130249,1,9
1,0.71,28.7119998931885,1,0
1,2.16,20.6399993896484,1,0
1,1.7,36.75,0,5
1,1.84,49.6800003051758,0,5
0,1.26,102.71099853515601,1,0
0,2.53,108.615997314453,1,0
0,2.95,96.4359970092773,0,0
0,0.62,100.861000061035,0,0
1,3.01,137.899993896484,0,10
0,2.56,124.670997619629,1,5
1,1.97,151.065994262695,0,10
0,1.2,121.575996398926,1,5
0,0.89,32.8499984741211,0,0
0,0.52,8.546999931335451,0,10
1,2.49,27.9740009307861,0,4
1,1.25,29.4580001831055,0,0
0,1.13,19.659999847412102,1,5
1,1.13,47.7089996337891,0,12
1,0.52,71.5230026245117,0,10
1,0.88,67.17600250244139,1,10
0,3.48,69.9670028686523,0,5
0,0.56,83.5719985961914,0,10
0,1.35,71.4250030517578,0,5
1,1.67,71.4250030517578,0,0
0,1.92,71.4250030517578,0,10
0,2.41,190.287994384766,0,7
0,2.36,186.304992675781,0,5
0,2.41,218.300003051758,0,0
1,1.46,53.5439987182617,0,14
1,2.0,63.6020011901855,0,0
1,1.32,67.4929962158203,0,5
1,1.75,66.7360000610352,0,5
1,1.84,47.995998382568395,0,0
0,1.72,54.4160003662109,0,5
0,1.77,94.722999572754,0,5
1,2.77,70.7740020751953,0,7
1,0.73,11.248999595642099,1,0
1,0.69,4.88000011444092,1,0
0,0.58,18.142999649047898,1,5
1,0.52,15.7790002822876,1,12
1,0.62,0.38699999451637296,1,5
1,3.33,14.9650001525879,1,5
0,0.51,24.6770000457764,0,0
0,1.26,17.5069999694824,1,0
1,0.6,22.881999969482397,0,5
1,0.59,6.7960000038147,0,5
1,0.66,8.996000289917001,1,0
1,0.74,2.4089999198913596,1,0
1,0.71,9.30599975585938,1,0
1,0.86,21.996000289917003,1,7
0,0.51,14.0769996643066,0,10
1,0.58,29.649000167846697,1,5
0,0.55,11.376999855041499,0,5
1,1.26,29.5410003662109,0,0
0,0.52,33.367000579834,0,10
0,0.83,26.7150001525879,0,10
0,0.57,21.118000030517603,0,5
0,0.53,71.4820022583008,0,0
0,0.67,71.6370010375977,1,0
1,3.5,23.830999374389602,0,5
1,2.8,5.72800016403198,1,12
1,0.77,15.8149995803833,1,5
1,0.74,32.5870018005371,1,5
1,0.77,40.13100051879879,0,10
1,1.58,49.6380004882813,1,2
1,0.8,24.886999130249,0,10
0,0.55,47.6710014343262,1,0
1,0.9,56.590999603271506,1,10
0,0.52,74.1169967651367,0,8
1,2.59,81.8489990234375,1,0
1,1.27,86.09400177001949,1,8
0,0.97,71.8059997558594,0,14
0,1.47,61.744998931884794,1,4
0,1.03,25.0450000762939,0,12
0,0.93,19.929000854492198,1,2
0,0.79,50.1189994812012,0,10
0,0.66,53.816001892089794,1,5
0,0.85,33.5029983520508,1,10
0,0.93,58.3559989929199,0,5
0,1.42,17.9540004730225,0,12
0,0.75,28.027000427246104,0,4
0,1.46,31.6679992675781,0,8
0,1.16,34.437000274658196,0,5
0,1.17,50.951999664306605,0,15
1,0.83,60.7529983520508,1,0
1,1.24,74.8769989013672,0,5
1,3.08,57.959999084472706,0,5
1,3.59,61.6240005493164,0,0
1,1.96,76.0660018920898,0,7
1,1.67,105.866996765137,0,5
0,1.69,112.675003051758,0,0
0,2.71,197.13499450683602,1,5
0,1.27,304.09698486328097,1,5
0,1.43,339.531005859375,0,4
0,1.0,70.2710037231445,0,5
0,0.52,92.7440032958984,0,5
0,0.65,55.9210014343262,0,9
0,0.7,50.8289985656738,1,0
0,0.51,37.601001739502,0,0
0,1.02,17.9309997558594,0,0
1,2.05,11.8170003890991,0,5
1,0.77,18.7970008850098,1,0
1,1.2,17.5750007629395,0,5
1,0.62,22.443000793457,0,5
1,1.31,27.0259990692139,1,5
1,1.79,17.1399993896484,0,0
1,0.56,25.4540004730225,0,0
1,0.77,45.576000213623,0,5
1,0.66,52.7610015869141,0,0
1,1.1,30.5410003662109,0,0
1,0.82,16.399000167846697,1,5
1,2.22,29.3190002441406,0,5
1,2.82,36.0610008239746,1,0
0,0.64,22.607000350952102,0,6
1,1.26,27.141000747680696,1,6
1,1.53,9.44699954986572,1,5
1,1.8,16.69700050354,0,0
1,1.24,50.4770011901855,1,8
0,0.93,9.22399997711182,0,5
1,0.54,6.9310002326965305,1,6
1,0.82,27.2919998168945,0,5
1,0.61,25.2950000762939,0,5
0,0.71,52.7120018005371,1,5
1,0.81,51.729000091552706,0,4
1,0.65,68.57199859619139,1,4
1,0.68,23.679000854492198,1,0
1,1.26,45.201999664306605,1,9
1,0.92,9.168999671936039,0,5
1,1.25,16.371000289917,1,0
1,1.16,19.4169998168945,0,5
1,0.76,57.792999267578104,1,5
1,1.2,43.271999359130895,0,10
0,0.9,19.840000152587898,0,9
1,0.52,5.17999982833862,0,5
1,0.53,42.685001373291,0,8
0,0.64,5.16200017929077,1,8
1,1.96,38.9640007019043,1,10
1,0.59,58.0979995727539,0,9
1,1.48,61.5900001525879,0,9
1,1.78,32.594001770019496,0,0
1,1.41,30.163999557495103,0,5
1,1.5,18.5219993591309,0,5
1,1.86,24.774999618530302,0,12
1,1.6,35.4360008239746,1,5
1,0.7,31.3409996032715,0,10
0,0.51,15.5710000991821,1,5
1,2.48,27.1730003356934,0,0
1,0.63,49.034000396728494,0,10
1,1.07,135.320007324219,1,0
0,0.71,37.7779998779297,0,7
1,1.12,3.77900004386902,1,8
0,0.53,49.1689987182617,0,0
0,0.58,50.7239990234375,1,0
1,1.31,26.216999053955103,0,12
1,1.49,20.9139995574951,0,12
1,0.86,3.31200003623962,0,5
1,0.64,35.7150001525879,0,10
1,1.44,52.2919998168945,0,0
0,1.52,60.145999908447294,0,5
1,1.27,44.4609985351563,0,0
0,2.17,70.02200317382811,1,0
0,1.73,95.8079986572266,0,5
1,1.93,121.763999938965,0,9
1,2.2,127.56600189209,0,5
1,1.6,120.15299987792999,0,8
1,1.65,66.21499633789061,0,0
0,0.81,54.9729995727539,1,0
0,1.86,73.2149963378906,0,5
0,1.93,33.3660011291504,1,5
1,1.9,87.3140029907227,0,5
0,4.06,95.3089981079102,0,5
1,4.03,128.09500122070298,1,3
1,1.56,109.777000427246,0,10
0,2.53,138.578994750977,0,0
0,3.41,162.264007568359,0,0
0,2.21,155.785995483398,0,0
0,2.92,105.651000976563,0,5
0,2.06,93.9619979858398,0,5
1,3.89,72.1019973754883,0,5
1,2.88,55.548999786377,0,0
0,1.39,49.69599914550779,0,0
1,2.07,45.5110015869141,0,10
0,1.46,50.582000732421896,0,0
1,1.51,81.2060012817383,0,5
0,3.23,95.77100372314449,0,5
1,4.21,76.5080032348633,0,5
1,2.49,56.6380004882813,0,5
1,0.78,38.9819984436035,1,0
1,2.32,30.8369998931885,0,0
1,1.43,60.7190017700195,0,7
1,1.71,29.600999832153303,0,0
1,1.99,77.1350021362305,0,5
1,2.48,95.099998474121,0,0
1,4.29,50.393001556396506,1,10
1,3.88,49.7210006713867,0,0
1,3.04,72.5299987792969,1,0
1,3.36,25.6770000457764,1,10
1,3.44,8.02400016784668,1,10
0,1.38,63.67900085449221,0,5
0,1.9,53.314998626709006,0,10
1,2.79,45.978000640869105,0,0
1,3.73,69.6179962158203,0,10
1,2.04,72.2170028686523,0,0
1,2.09,55.551998138427706,0,0
1,2.63,81.3789978027344,1,0
1,3.3,81.1320037841797,1,0
1,3.25,51.7089996337891,0,6
1,1.53,55.7789993286133,0,5
1,2.6,26.972999572753896,0,5
1,2.0,28.2150001525879,0,0
1,2.82,71.96099853515629,1,0
1,2.56,75.5260009765625,0,0
0,3.62,45.0699996948242,0,0
1,5.25,80.6800003051758,0,0
1,1.59,96.94000244140629,0,0
1,2.21,115.327003479004,0,0
1,2.42,108.546997070313,0,3
1,2.36,86.936996459961,0,0
1,1.22,94.14199829101558,0,0
1,3.93,81.8960037231445,1,0
0,4.93,54.959999084472706,0,0
1,1.91,46.6100006103516,0,0
1,2.33,68.07399749755861,0,0
1,2.18,102.398002624512,0,0
1,4.77,107.369003295898,1,0
1,3.79,84.8840026855469,0,0
1,3.48,84.890998840332,0,0
0,3.02,58.6829986572266,0,0
1,2.71,68.3140029907227,1,7
1,2.34,38.780998229980504,0,0
1,3.15,81.7580032348633,1,0
1,2.56,102.953002929688,1,5
1,3.34,107.48000335693399,0,12
1,2.32,120.09400177002001,1,10
1,3.62,135.0,1,10
1,1.02,71.7730026245117,0,0
1,3.26,33.1969985961914,1,0
1,1.61,47.012001037597706,1,7
1,1.16,60.3619995117188,1,0
0,1.01,128.84899902343798,1,0
0,0.67,144.070999145508,1,9
0,3.17,110.425003051758,0,5
0,2.44,113.009002685547,1,0
0,2.26,78.9759979248047,0,7
1,1.65,52.9300003051758,1,7
1,3.86,14.005000114440902,0,5
1,3.32,18.476999282836896,1,5
1,3.19,61.957000732421896,0,0
1,3.42,66.0640029907227,1,10
1,1.66,60.3120002746582,0,0
1,3.35,74.9209976196289,0,9
1,3.09,73.838996887207,0,0
1,3.59,61.172000885009794,0,0
1,3.88,10.809000015258801,1,0
1,2.94,65.9029998779297,1,10
1,0.95,34.527999877929695,1,5
1,2.6,63.909000396728494,0,9
1,3.24,74.8489990234375,0,9
1,3.32,81.5550003051758,0,0
1,3.26,66.43699645996101,0,5
1,3.27,60.4589996337891,0,0
1,3.4,43.4850006103516,0,0
1,2.91,116.44100189209,0,5
1,1.48,84.8740005493164,0,10
1,4.35,62.2919998168945,0,0
1,1.87,70.10299682617189,0,5
1,3.01,60.5610008239746,0,5
0,3.05,45.2120018005371,0,0
1,2.62,49.698001861572294,0,10
1,3.26,32.449001312255895,0,12
1,1.92,47.0190010070801,1,0
1,3.44,62.6189994812012,0,5
1,2.57,30.179000854492198,0,8
1,2.97,47.646999359130895,1,9
0,2.95,52.0989990234375,1,9
1,2.28,95.0739974975586,0,5
1,3.17,80.7030029296875,0,14
1,3.69,80.427001953125,0,5
0,3.08,81.5830001831055,1,5
1,2.86,47.3390007019043,1,5
0,1.95,44.9500007629395,1,5
1,1.78,29.7140007019043,0,0
0,2.2,45.55400085449221,0,5
1,1.71,31.5550003051758,0,5
0,3.86,58.2239990234375,0,0
1,3.45,40.834999084472706,0,6
1,3.97,47.8460006713867,0,7
1,1.39,9.77299976348877,0,0
0,4.81,185.205001831055,0,0
1,2.08,82.625,0,4
0,2.49,112.70500183105499,1,5
0,1.83,98.0289993286133,1,0
0,1.24,112.143997192383,1,0
0,1.38,133.43600463867202,0,10
0,1.54,163.552001953125,0,0
0,0.53,18.1469993591309,0,0
0,0.9,27.2450008392334,1,5
0,2.04,15.888999938964801,1,3
1,0.61,5.21600008010864,0,5
0,0.55,11.2740001678467,0,6
0,0.52,9.22000026702881,0,5
0,0.77,23.676000595092802,1,0
0,0.67,23.676000595092802,1,0
0,0.67,35.502998352050795,1,5
0,0.64,31.1100006103516,0,0
0,0.57,24.434999465942397,0,0
1,0.76,24.434999465942397,1,0
1,0.75,24.434999465942397,1,0
1,0.9,24.434999465942397,1,5
0,0.62,24.434999465942397,1,12
1,2.26,23.517999649047898,1,2
1,1.23,30.135999679565398,1,3
0,1.21,28.386999130249,1,0
1,2.33,6.1360001564025906,0,10
0,1.2,6.1360001564025906,1,0
1,2.38,24.434999465942397,0,12
1,2.82,24.434999465942397,0,12
0,3.29,6.1360001564025906,1,0
0,1.52,6.1360001564025906,1,5
0,0.54,55.7830009460449,1,3
0,0.86,11.6079998016357,1,5
1,2.3,19.712999343872102,0,0
1,1.67,24.1749992370605,1,0
0,2.3,3.71499991416931,1,5
1,0.86,30.830999374389602,0,14
0,0.53,12.5640001296997,1,8
0,1.63,12.5640001296997,1,5
0,2.05,12.5640001296997,1,7
0,1.71,58.6510009765625,1,0
0,0.54,45.143001556396506,0,0
1,1.47,6.32800006866455,0,2
1,0.73,6.32800006866455,0,5
1,0.61,6.32800006866455,0,12
1,0.59,6.32800006866455,1,0
1,0.86,24.132999420166,0,5
0,3.53,94.3470001220703,1,5
0,3.68,76.4860000610352,0,5
0,0.93,57.2270011901855,0,6
0,0.58,45.6100006103516,0,12
1,1.22,43.3819999694824,0,2
0,1.24,6.3289999961853,0,16
0,0.59,23.0990009307861,1,0
0,1.67,16.3579998016357,0,0
0,1.16,25.711000442504897,1,10
0,1.1,47.487998962402294,1,0
0,0.72,3.40700006484985,0,3
0,1.01,5.35799980163574,1,0
0,1.08,62.50199890136721,1,2
0,1.03,27.8700008392334,1,0
1,0.58,48.234001159668,1,2
0,0.51,31.7819995880127,1,14
1,0.64,3.25200009346008,1,7
1,2.38,3.25200009346008,1,14
0,1.53,3.25200009346008,1,5
1,2.72,3.25200009346008,1,8
1,3.84,3.25200009346008,0,0
0,0.92,3.25200009346008,1,5
0,0.64,3.25200009346008,1,0
0,0.56,13.666999816894501,1,3
1,0.56,21.173999786377,1,0
0,3.55,12.7790002822876,0,0
0,0.55,50.3660011291504,1,0
1,0.58,29.499000549316396,1,0
0,0.57,34.3089981079102,0,0
0,0.53,4.875,1,0
1,0.64,15.7910003662109,0,0
0,0.56,16.1350002288818,1,0
0,0.71,7.17899990081787,1,0
0,0.75,20.2040004730225,0,0
0,0.69,21.2639999389648,0,5
0,0.82,32.7970008850098,1,4
0,0.93,27.951000213623,0,3
0,0.52,33.5779991149902,1,0
1,0.57,14.8050003051758,0,3
0,0.69,11.1949996948242,0,0
0,0.51,10.2040004730225,0,5
1,0.82,21.1499996185303,1,4
1,0.7,15.828000068664599,0,5
1,0.96,8.56700038909912,1,12
1,0.53,14.770999908447301,1,5
0,0.72,38.8400001525879,1,5
0,0.68,33.208000183105504,1,5
0,0.81,7.53200006484985,1,5
0,0.7,38.728000640869105,1,12
1,1.04,4.12200021743774,1,3
1,2.72,24.431999206543,1,6
1,1.24,24.358999252319304,1,4
1,0.6,8.19600009918213,0,3
1,0.71,3.9079999923706095,1,2
0,2.66,9.00599956512451,0,5
1,1.5,22.2210006713867,1,2
1,1.83,18.3390007019043,1,2
1,0.51,14.140000343322802,1,5
0,0.95,19.3969993591309,1,12
0,0.61,25.007999420166,1,3
0,1.13,32.126998901367195,1,4
1,3.26,18.4160003662109,0,4
1,1.17,16.636999130249,1,4
1,0.68,22.9549999237061,1,3
1,0.52,15.2950000762939,1,4
1,0.66,23.364000320434602,0,5
0,0.51,47.0260009765625,0,5
0,1.21,36.108001708984396,0,4
0,0.59,86.97899627685551,0,4
1,0.99,38.903999328613295,0,0
1,0.66,19.3239994049072,1,9
0,0.51,1.6460000276565598,1,12
1,1.15,18.5930004119873,1,0
0,0.68,20.0510005950928,1,5
0,0.53,11.8299999237061,1,12
0,0.63,33.304000854492195,1,5
1,2.05,8.02099990844727,1,5
0,0.73,19.8159999847412,0,0
0,0.91,21.267999649047898,1,4
0,0.82,17.492000579834002,1,5
0,0.67,29.7140007019043,1,4
1,0.85,25.7859992980957,0,3
0,0.81,23.8950004577637,0,4
0,0.59,11.581000328064,1,5
0,0.65,26.850000381469698,1,9
0,0.53,13.578000068664599,1,14
0,0.58,25.7000007629395,1,10
0,0.56,12.0699996948242,1,10
0,0.95,7.6939997673034695,0,8
0,0.61,22.155000686645497,0,8
0,0.72,8.82800006866455,0,9
1,0.7,19.6439990997314,1,12
0,0.58,36.3930015563965,0,9
0,1.03,39.058998107910206,1,8
1,0.67,51.890998840332,0,0
1,0.57,30.5520000457764,0,8
0,0.85,34.3050003051758,1,6
1,0.72,40.3930015563965,1,8
1,0.78,16.8129997253418,1,8
0,0.52,26.1979999542236,0,10
0,0.54,11.6999998092651,1,5
0,0.61,51.465999603271506,1,4
1,1.1,131.77099609375,1,12
1,1.07,119.15899658203101,1,12
1,0.65,128.785995483398,0,12
1,1.25,101.017997741699,1,10
1,1.19,99.91400146484379,1,12
0,1.21,90.45800018310551,1,5
1,0.76,79.1959991455078,1,12
0,0.9,65.9599990844727,0,8
1,1.15,80.8939971923828,1,12
0,0.58,50.529998779296896,0,4
1,2.95,24.024999618530302,1,0
1,2.71,81.9830017089844,0,3
0,0.96,71.0810012817383,1,8
1,2.34,83.43499755859379,0,8
1,2.37,84.3030014038086,0,7
1,1.34,8.51399993896484,0,12
1,3.16,122.85500335693399,0,3
0,1.4,23.0699996948242,1,5
1,3.18,114.65899658203101,0,8
0,2.95,126.31900024414101,0,0
0,3.27,136.210006713867,1,0
0,1.93,155.419998168945,0,5
0,2.86,178.755996704102,1,5
0,2.28,58.6479988098145,1,8
1,2.07,13.875,1,5
1,3.5,25.882999420166,1,5
1,4.54,30.6809997558594,0,5
1,3.92,36.0629997253418,1,8
1,1.65,28.1840000152588,1,7
1,2.07,47.8310012817383,1,0
1,2.97,25.7999992370605,0,12
1,3.91,49.1479988098145,1,9
1,3.29,48.209999084472706,1,4
1,2.61,35.502998352050795,0,0
1,2.63,38.4119987487793,0,3
1,1.54,66.302001953125,1,5
1,2.61,54.683998107910206,1,5
1,0.9,18.0189990997314,1,8
1,2.44,44.1539993286133,1,2
1,2.72,47.4140014648438,1,6
1,3.86,33.4249992370605,0,4
1,1.26,55.576999664306605,1,12
1,3.98,33.1160011291504,1,8
1,2.22,11.4490003585815,1,6
0,2.28,28.739000320434602,1,7
1,1.62,23.2350006103516,1,12
1,1.08,27.100000381469698,1,12
1,1.78,23.8339996337891,1,12
1,0.6,25.669000625610398,1,12
1,0.63,14.1660003662109,1,8
1,2.1,28.4799995422363,1,12
1,2.06,16.9650001525879,1,8
1,2.98,25.613000869751,1,0
1,2.12,35.8899993896484,0,14
1,1.71,13.298999786377001,0,8
1,2.44,25.6599998474121,1,8
1,2.59,29.0219993591309,0,6
0,1.92,31.6299991607666,1,5
1,1.92,23.9449996948242,0,5
1,0.83,55.832000732421896,1,5
1,1.76,50.4500007629395,1,5
1,1.84,57.4360008239746,1,4
1,2.14,89.26699829101558,1,0
1,2.48,122.83699798584,1,0
0,1.7,144.634994506836,1,5
1,3.33,166.294006347656,0,0
0,1.78,157.240005493164,0,5
1,2.15,151.139007568359,1,0
1,1.36,157.932998657227,1,9
1,1.95,165.998001098633,1,8
1,4.42,188.102005004883,1,5
1,1.39,174.514999389648,1,10
1,0.62,65.6999969482422,0,12
1,1.63,61.125,0,12
0,0.86,25.2469997406006,0,12
0,0.92,2.2390000820159903,0,10
0,0.51,25.5380001068115,1,8
0,1.96,9.402000427246099,1,12
0,0.91,27.1940002441406,1,12
1,0.6,25.9039993286133,1,12
1,0.73,18.0149993896484,1,10
1,0.63,9.060999870300302,1,4
0,3.47,30.510000228881804,0,12
1,1.19,51.273998260498,1,3
1,1.31,35.891998291015604,1,6
1,0.9,42.5499992370605,1,5
1,2.39,30.1159992218018,0,12
1,2.31,27.8600006103516,0,12
1,1.21,45.513999938964794,1,10
1,1.06,42.5359992980957,0,4
1,2.17,48.604000091552706,0,8
1,1.82,43.731998443603494,0,12
1,1.51,31.0890007019043,1,8
1,1.6,35.34299850463871,0,9
1,0.85,32.101001739502,0,8
1,1.44,30.4449996948242,0,4
1,1.64,43.076999664306605,1,10
1,0.68,28.367000579834,0,8
1,1.68,28.742000579834,1,5
1,1.64,23.1310005187988,1,9
1,0.71,15.005000114440902,0,7
1,1.31,45.064998626709006,1,0
1,1.15,51.625,0,2
1,1.03,8.55300045013428,1,8
1,2.25,8.7170000076294,1,8
1,1.42,4.646999835968019,0,5
0,0.62,20.063999176025398,1,4
1,3.04,18.216999053955103,0,5
1,1.39,32.4039993286133,0,5
0,0.52,48.390998840332,0,5
0,1.07,23.6480007171631,0,5
0,0.53,44.5839996337891,0,10
1,0.87,21.961000442504897,1,5
0,1.22,21.961000442504897,1,5
0,0.91,14.0030002593994,1,5
0,0.65,34.4939994812012,1,12
0,2.19,67.2399978637695,1,15
0,2.45,70.5380020141602,1,15
1,1.71,91.98300170898442,1,14
1,2.89,35.57899856567379,1,5
1,2.73,35.57899856567379,1,10
1,1.55,4.41400003433228,1,0
1,1.28,71.4079971313477,0,3
1,1.34,75.2330017089844,1,8
1,2.01,95.18099975585942,0,9
0,2.29,102.113998413086,0,6
0,2.59,114.48699951171899,1,5
1,3.34,113.726997375488,0,16
1,2.76,123.79499816894501,0,8
1,2.51,113.424003601074,1,6
1,2.42,143.070999145508,0,0
0,3.51,152.518997192383,0,5
1,3.19,142.869003295898,0,6
1,2.58,134.600006103516,0,8
1,2.18,126.942001342773,1,5
1,4.51,118.81600189209,0,0
1,3.29,110.699996948242,0,5
1,3.31,89.19000244140629,0,5
0,2.98,79.6750030517578,1,8
1,1.07,132.945999145508,1,6
0,2.63,125.52400207519501,0,5
0,1.29,115.388999938965,0,5
1,3.38,99.02100372314449,1,6
1,0.83,117.01000213622999,1,5
1,2.56,75.6060028076172,1,5
0,0.56,69.7829971313477,0,9
0,1.59,52.181999206543,0,5
0,2.87,134.09899902343798,1,9
0,1.11,95.4670028686523,1,8
0,1.09,64.9980010986328,0,8
0,2.89,43.5979995727539,1,5
0,0.67,33.7089996337891,1,4
0,1.08,20.0090007781982,1,0
0,1.71,22.6200008392334,1,5
0,2.83,106.488998413086,0,0
1,2.59,137.815994262695,0,5
1,2.2,155.507995605469,0,12
1,2.04,152.160995483398,0,12
0,1.78,202.134002685547,0,0
0,1.94,170.427993774414,0,4
0,1.36,120.763999938965,1,5
1,3.25,131.179000854492,0,4
0,1.38,72.359001159668,0,4
1,1.51,50.5830001831055,1,4
0,0.84,75.36900329589841,0,8
0,0.98,79.36000061035159,0,5
0,0.9,93.58599853515629,1,5
0,1.32,80.1839981079102,1,6
0,1.59,82.6709976196289,1,5
0,3.07,70.7779998779297,0,10
0,0.85,34.509998321533196,0,10
0,1.29,56.734001159668,1,5
0,2.53,49.620998382568395,0,5
0,1.53,73.9049987792969,1,0
0,1.75,68.7809982299805,1,0
0,1.11,52.92900085449221,1,5
1,3.27,134.875,1,0
0,2.43,150.19299316406298,1,2
0,1.57,138.024002075195,0,5
0,2.22,119.65299987792999,1,5
0,2.95,112.577003479004,1,0
0,1.59,17.4179992675781,0,0
0,2.54,28.712999343872102,1,5
0,1.06,38.2239990234375,1,5
1,0.79,39.675998687744105,0,0
1,2.41,13.2659997940063,1,0
0,1.23,19.090999603271502,1,0
0,1.79,19.743999481201197,1,0
0,2.56,77.4390029907227,1,4
1,2.6,132.36999511718798,1,0
0,3.01,67.07399749755861,1,0
0,2.88,38.8520011901855,1,5
0,2.7,16.781000137329098,0,5
0,3.66,28.763000488281303,1,0
0,0.93,14.2430000305176,1,6
0,1.17,32.9560012817383,1,5
0,4.46,38.95399856567379,1,5
0,2.11,67.38400268554689,1,5
0,3.17,82.802001953125,1,0
0,3.65,104.232002258301,1,5
0,1.8,54.15299987792971,1,5
0,5.6,53.2130012512207,1,0
0,4.18,31.6650009155273,1,5
1,4.78,45.944000244140604,0,5
1,4.07,37.3860015869141,0,5
1,4.74,14.626999855041499,0,5
1,4.81,27.600999832153303,0,10
1,4.65,35.8839988708496,1,10
1,1.53,52.1920013427734,0,5
1,2.7,31.621000289917003,0,5
1,3.89,82.3820037841797,1,0
0,3.44,97.4029998779297,0,5
0,2.74,124.050003051758,1,0
0,3.21,126.800003051758,1,5
1,3.17,117.89900207519501,1,5
0,1.29,115.01300048828101,1,5
0,5.81,9.37199974060059,1,0
1,4.83,50.59700012207029,1,5
1,4.48,17.3320007324219,1,5
1,4.2,32.4249992370605,1,0
1,1.93,62.1949996948242,1,5
1,0.83,108.349998474121,1,5
1,3.86,67.1169967651367,1,0
1,4.39,66.4980010986328,1,5
1,3.57,52.7919998168945,1,5
0,3.32,72.0979995727539,1,5
1,3.07,92.988998413086,1,5
1,4.07,72.3779983520508,1,5
1,3.63,111.593002319336,1,10
1,3.39,112.91300201416,1,5
1,2.61,84.7040023803711,0,5
1,1.29,67.7880020141602,1,5
1,1.97,96.7969970703125,1,5
1,3.31,81.51499938964841,1,12
1,3.68,94.6389999389648,1,12
1,4.05,96.4820022583008,0,10
0,3.23,75.1129989624023,1,0
1,4.64,57.2120018005371,0,5
1,4.51,50.2560005187988,0,5
0,1.32,31.100000381469698,0,12
1,0.71,18.037000656127898,0,10
1,1.18,12.022000312805199,1,10
0,0.58,22.864999771118196,1,5
1,1.44,38.3899993896484,1,0
1,0.56,19.2600002288818,0,5
1,0.99,21.372999191284197,1,0
0,1.48,7.8579998016357395,1,5
0,1.46,35.1640014648438,1,0
1,1.62,63.0060005187988,1,5
0,1.72,72.2249984741211,1,0
0,1.32,74.6600036621094,1,5
0,1.0,58.396999359130895,1,5
1,0.74,50.818000793457,1,5
1,1.07,41.390998840331996,0,5
1,1.1,39.54600143432621,1,0
1,0.61,30.5820007324219,1,5
1,0.93,25.7280006408691,1,0
1,1.3,26.6049995422363,1,5
1,0.7,16.5790004730225,1,5
0,1.27,19.054000854492198,1,0
1,0.64,10.581000328063999,1,5
0,0.64,19.5779991149902,0,5
1,0.73,10.9390001296997,0,12
0,0.54,9.42300033569336,1,5
1,0.61,18.9370002746582,1,5
1,0.86,23.8020000457764,1,5
0,1.05,15.710000038147,1,8
1,1.23,32.998001098632805,1,10
0,0.67,32.199001312255895,0,12
1,0.66,102.05599975585899,1,4
0,0.57,12.8500003814697,1,5
0,0.55,21.902000427246104,1,5
1,2.34,41.3339996337891,0,0
1,1.31,42.310001373291,1,5
1,0.87,39.5110015869141,0,9
1,0.71,16.632999420165998,0,0
1,0.66,24.948999404907198,0,0
0,1.47,42.0900001525879,0,0
0,0.88,48.926998138427706,0,0
1,0.86,14.522000312805199,0,10
1,0.82,49.6450004577637,1,12
0,0.69,56.8219985961914,1,5
0,0.61,15.6009998321533,0,8
0,1.01,43.0270004272461,1,0
1,1.5,43.507999420165994,1,5
1,1.19,78.7210006713867,1,5
1,1.56,52.734001159668,1,5
1,1.39,48.5579986572266,0,5
1,0.64,21.8920001983643,1,10
1,0.6,24.0659999847412,1,0
1,0.82,26.426000595092802,1,10
1,1.19,56.6240005493164,0,5
1,0.93,35.0750007629395,0,5
1,1.1,29.577999114990202,1,5
0,1.47,21.340000152587898,1,0
1,1.58,21.0090007781982,1,14
1,2.04,7.9380002021789595,1,0
0,0.54,35.160999298095696,0,0
1,0.72,10.060999870300302,1,0
1,0.69,46.2560005187988,1,5
0,1.41,48.6049995422363,1,0
0,0.85,24.3780002593994,1,8
0,1.32,27.591999053955103,1,9
0,1.89,43.5309982299805,1,0
0,1.51,91.6449966430664,1,0
1,1.86,92.8679962158203,1,5
1,6.76,70.9010009765625,0,9
1,3.19,67.49600219726561,1,10
1,6.32,27.4069995880127,0,0
1,2.4,57.159000396728494,0,11
1,0.88,19.618999481201197,1,8
0,0.54,11.3009996414185,0,5
1,0.8,41.515998840331996,0,5
0,0.74,13.116999626159698,1,10
1,4.2,26.8330001831055,1,5
1,1.43,23.372999191284197,0,10
1,2.69,2.8949999809265097,0,11
0,0.74,4.5939998626709,0,0
1,0.63,42.220001220703104,1,0
1,0.83,60.3639984130859,0,4
0,1.12,69.15499877929689,0,5
1,1.16,59.659000396728494,0,9
0,0.93,57.2879981994629,1,5
1,1.22,56.2560005187988,1,10
0,1.09,16.7800006866455,0,5
0,1.67,34.0900001525879,0,0
1,1.09,33.167999267578104,1,5
1,0.97,12.0059995651245,1,7
0,1.25,51.5149993896484,0,5
1,1.66,60.2939987182617,0,7
0,1.15,27.8110008239746,1,6
1,1.15,44.91999816894529,1,0
0,1.21,55.15299987792971,0,0
1,1.64,66.2570037841797,1,5
0,1.74,51.1629981994629,0,0
0,1.08,49.5190010070801,1,0
0,1.09,19.136999130249,1,4
0,2.27,33.9949989318848,1,5
0,1.46,34.0670013427734,0,0
0,1.35,45.4070014953613,0,0
1,3.65,76.3030014038086,1,5
0,1.18,55.5870018005371,1,0
0,0.54,79.697998046875,1,0
0,1.01,92.0139999389648,0,6
1,1.5,76.6470031738281,1,8
1,1.63,78.8679962158203,0,5
1,0.76,62.326000213623,0,8
1,0.67,54.056999206543,1,5
1,1.14,16.997999191284197,1,5
0,0.73,3.3800001144409197,1,0
1,1.6,50.7169990539551,1,10
1,2.3,22.326000213623,0,11
0,0.61,59.925998687744105,1,0
1,0.65,162.921005249023,0,5
0,0.66,163.680999755859,0,0
0,0.51,33.7449989318848,0,0
0,0.65,72.8649978637695,0,5
0,3.42,153.356994628906,0,5
0,2.82,213.714996337891,1,5
0,1.32,98.98999786376949,0,0
0,1.89,93.1709976196289,1,0
0,1.37,85.3889999389648,0,0
0,1.38,70.6480026245117,0,5
0,2.39,50.569000244140604,0,0
0,0.82,28.9969997406006,1,0
0,0.61,84.68499755859379,0,0
0,2.97,75.0260009765625,0,0
0,1.11,11.237999916076697,0,0
0,1.54,96.40899658203129,0,5
0,1.19,103.41100311279301,1,0
0,2.37,49.298000335693395,1,0
0,2.54,40.574001312255895,1,0
0,0.64,90.5490036010742,0,5
0,1.95,114.900001525879,0,5
0,1.85,84.7519989013672,0,5
0,1.3,88.218002319336,0,5
1,0.78,42.569000244140604,0,0
1,1.88,39.792999267578104,0,0
1,1.11,3.39299988746643,0,5
0,0.75,10.333000183105499,1,5
1,1.18,15.5959997177124,1,8
0,0.59,32.455001831054695,1,9
1,0.79,23.3799991607666,0,8
1,1.24,26.486999511718803,0,10
1,0.97,20.7180004119873,0,5
1,0.73,8.64900016784668,1,8
1,0.82,24.794000625610398,1,9
0,0.75,17.5900001525879,0,0
0,1.05,42.516998291015604,1,0
0,0.53,27.7329998016357,0,0
1,0.55,11.456000328064,0,0
0,0.83,23.3810005187988,1,0
1,0.51,32.4879989624023,1,8
1,0.74,31.2150001525879,0,5
1,0.75,12.2410001754761,1,5
0,0.65,35.478000640869105,1,8
1,1.04,39.5410003662109,0,5
1,1.47,40.0449981689453,0,10
0,1.07,2.10899996757507,0,8
1,2.11,23.108999252319304,0,7
0,1.5,7.369999885559079,0,11
0,1.8,16.6860008239746,1,0
1,1.8,25.9710006713867,0,0
1,2.65,7.763000011444089,1,11
1,1.9,8.9670000076294,1,0
0,1.71,13.572999954223599,1,0
0,2.44,45.5330009460449,0,5
1,0.52,32.530998229980504,0,5
1,0.99,40.9480018615723,1,11
1,0.93,58.745998382568395,0,0
0,0.95,55.1100006103516,0,7
0,1.56,26.722000122070302,0,8
0,1.48,19.1569995880127,0,0
1,1.53,16.232000350952102,0,10
1,1.48,23.8390007019043,1,0
1,1.06,57.340999603271506,0,10
0,1.03,53.8120002746582,0,0
0,0.67,18.8659992218018,0,10
0,0.58,26.482000350952102,0,10
1,0.67,27.929000854492198,0,0
0,0.56,27.412000656127898,1,0
1,0.69,33.4300003051758,0,12
1,0.83,48.3339996337891,0,5
1,1.11,61.4070014953613,0,0
0,0.63,59.641998291015604,1,6
1,1.22,34.2820014953613,0,0
1,0.98,38.7849998474121,0,9
1,1.04,35.7490005493164,0,11
1,0.94,41.5890007019043,0,0
0,2.16,5.3600001335144,0,10
1,0.93,24.500999450683604,0,7
0,0.53,23.7919998168945,0,8
1,0.98,29.7159996032715,0,5
0,0.75,28.0,0,5
1,0.6,45.02799987792971,1,4
1,1.47,48.7729988098145,1,0
1,2.41,43.558998107910206,0,5
1,0.75,78.5329971313477,1,8
0,1.02,84.3929977416992,0,5
0,1.28,88.4189987182617,1,5
0,1.16,124.91400146484399,1,5
0,1.46,150.210998535156,0,5
0,1.34,110.517997741699,1,5
1,2.0,79.3160018920898,1,0
1,1.15,41.9739990234375,0,6
1,1.09,59.79499816894529,0,10
1,1.38,102.73999786377001,1,10
1,1.99,91.3730010986328,1,8
1,2.21,134.421005249023,0,8
1,1.67,152.891006469727,1,0
0,1.49,49.54499816894529,1,0
0,1.24,39.069000244140604,1,0
1,1.57,111.248001098633,1,5
1,0.75,69.3899993896484,1,0
1,1.19,28.882999420166,0,0
0,1.39,11.2089996337891,1,5
1,0.98,36.3489990234375,1,0
1,1.13,30.2099990844727,1,0
1,0.72,32.0999984741211,1,0
1,0.95,17.996999740600604,1,0
1,1.51,29.5340003967285,1,0
1,1.35,17.1539993286133,1,0
1,1.42,12.4029998779297,1,0
0,1.43,38.1459999084473,1,10
0,0.75,22.738000869751,0,0
0,0.98,10.397000312805199,0,8
1,0.72,5.271999835968019,1,0
1,1.89,20.5139999389648,1,0
0,1.72,36.0069999694824,0,9
0,1.92,29.4409999847412,0,0
0,0.55,17.6389999389648,1,10
0,0.53,32.5060005187988,0,5
1,1.29,35.668998718261705,1,7
1,0.76,35.668998718261705,0,11
0,0.53,39.9550018310547,0,4
1,0.7,60.479000091552706,1,8
0,0.62,84.7519989013672,0,0
0,0.69,60.7509994506836,0,6
1,0.98,24.507999420166,0,0
1,0.93,32.9910011291504,1,10
0,1.23,17.2590007781982,0,0
0,0.94,8.52400016784668,1,9
1,1.05,54.193000793457,1,0
0,0.85,32.2879981994629,1,8
0,0.82,36.568000793456996,0,0
0,0.72,49.7610015869141,0,0
0,0.61,41.0979995727539,0,0
0,0.72,12.104000091552699,0,0
1,1.14,66.45400238037111,0,5
0,0.69,37.6959991455078,0,0
0,1.02,22.3250007629395,0,0
1,0.62,43.9539985656738,0,4
0,0.57,21.969999313354503,0,5
0,0.52,24.0480003356934,0,0
0,0.52,21.1459999084473,0,11
0,0.51,13.96399974823,0,0
0,0.65,22.283000946044897,1,5
0,0.68,11.0609998703003,0,0
0,3.73,173.871994018555,0,10
0,1.14,89.22799682617192,0,0
1,1.35,16.6439990997314,0,12
0,1.0,5.46099996566772,0,12
0,1.78,23.1730003356934,0,0
0,0.75,16.156000137329098,0,12
0,0.66,22.408000946044897,0,0
0,0.63,14.2159996032715,0,5
1,1.18,36.0530014038086,0,5
1,1.05,11.5069999694824,0,10
0,1.43,8.286999702453612,1,14
0,0.81,12.2259998321533,1,3
0,1.25,35.4500007629395,0,10
0,0.96,10.0299997329712,0,7
0,0.53,18.9330005645752,0,0
0,0.71,11.015000343322802,1,8
0,1.78,13.1949996948242,0,7
0,1.32,34.722000122070305,0,5
0,0.56,24.6949996948242,0,0
1,1.21,39.872001647949205,0,0
1,1.44,33.1520004272461,0,10
1,1.63,26.739999771118196,0,8
0,0.87,6.855999946594241,1,10
1,0.56,34.969001770019496,0,5
1,1.92,10.3979997634888,1,0
0,0.91,38.931999206543004,1,5
1,1.34,33.905998229980504,1,5
1,1.43,27.0259990692139,1,12
0,1.0,45.6860008239746,0,13
1,0.65,8.277000427246099,0,10
0,1.49,12.597999572753901,0,4
1,0.71,28.225000381469698,1,10
1,1.03,39.933998107910206,0,9
0,1.05,7.24200010299683,0,0
1,0.89,40.0709991455078,0,12
1,3.03,57.1049995422363,0,8
1,4.77,38.882999420166,0,5
1,1.1,59.518001556396506,0,10
1,1.37,40.5449981689453,0,0
1,1.41,21.2959995269775,0,0
1,1.27,33.4389991760254,0,8
1,0.93,34.5029983520508,0,10
1,0.91,16.2280006408691,0,0
1,1.04,51.7389984130859,0,0
1,1.54,41.654998779296896,0,5
1,0.92,48.012001037597706,0,5
1,1.64,40.237998962402294,0,5
1,1.43,31.3339996337891,0,0
1,0.85,16.9440002441406,0,0
1,0.71,17.9589996337891,0,5
1,0.96,17.7670001983643,0,0
1,0.75,22.679000854492198,0,0
1,1.29,32.9659996032715,1,0
1,0.87,21.9389991760254,0,0
1,0.58,37.308998107910206,0,0
1,0.73,14.414999961853,0,10
1,1.8,17.1840000152588,0,10
1,1.82,63.5620002746582,0,0
1,1.66,62.959999084472706,0,0
1,0.88,46.5270004272461,0,0
0,1.23,39.780998229980504,0,0
1,1.71,29.2119998931885,0,0
1,0.87,25.4160003662109,0,5
1,0.76,21.4209995269775,0,0
0,2.01,35.219001770019496,0,0
1,1.74,40.7849998474121,0,0
0,1.78,46.97200012207029,0,0
0,1.74,83.9049987792969,0,0
0,2.22,35.1800003051758,0,5
0,1.29,156.018005371094,0,0
0,2.87,116.51699829101601,0,0
0,1.71,111.880996704102,0,5
1,2.21,114.776000976563,0,10
1,2.58,119.876998901367,1,8
1,1.69,150.330993652344,0,0
1,0.7,61.215999603271506,0,0
1,1.45,44.755001068115206,0,0
1,1.2,34.742000579834,0,0
1,1.22,58.5359992980957,0,0
0,1.36,49.7910003662109,0,5
1,1.12,57.441001892089794,0,0
1,0.88,16.0330009460449,0,5
1,1.64,19.4230003356934,1,5
1,1.37,15.2980003356934,1,5
1,1.01,8.14000034332275,0,5
0,0.62,34.958000183105504,0,5
1,1.14,41.5369987487793,0,10
0,1.69,50.3950004577637,0,5
1,2.38,49.762001037597706,0,5
1,1.51,32.2490005493164,1,0
1,1.28,23.2670001983643,1,0
0,1.4,34.292999267578104,0,0
0,1.2,50.832000732421896,1,0
0,1.14,46.409000396728494,0,0
0,2.08,31.722999572753896,0,5
0,1.7,17.8840007781982,0,0
1,1.07,20.6979999542236,0,5
0,1.19,25.794000625610398,0,0
1,1.32,42.3120002746582,0,4
1,2.01,43.7369995117188,0,5
0,2.88,38.745998382568395,0,5
1,1.24,15.0550003051758,0,5
0,2.89,7.55299997329712,0,5
1,2.77,26.5049991607666,0,5
1,0.78,35.5870018005371,0,11
0,1.99,18.8199996948242,0,5
1,2.25,25.5149993896484,0,5
1,1.41,14.7910003662109,0,5
0,0.66,8.7209997177124,0,5
1,0.62,4.13600015640259,0,0
1,1.28,19.274000167846697,0,0
1,1.51,31.347000122070302,0,0
1,0.75,30.9449996948242,0,0
1,0.79,35.872001647949205,0,0
1,0.63,50.4580001831055,0,0
1,0.68,53.818000793457,0,0
1,1.25,52.1319999694824,0,0
1,1.09,54.016998291015604,0,0
0,0.66,49.0550003051758,0,0
1,1.11,39.103000640869105,0,0
1,2.2,35.484001159668004,0,0
1,1.01,53.845001220703104,0,0
0,0.56,49.441001892089794,0,0
0,0.64,69.0849990844727,0,0
1,0.67,65.27500152587889,0,0
1,1.11,88.04299926757808,0,0
1,1.38,62.625,0,0
0,0.85,62.048999786377,0,0
0,0.8,69.19899749755861,0,0
1,1.26,42.8030014038086,0,0
0,1.96,36.875,0,0
0,0.92,36.49399948120121,0,0
0,0.87,48.388999938964794,0,6
1,3.93,24.9479999542236,0,0
1,1.01,32.7620010375977,0,0
0,1.81,60.5789985656738,0,0
0,3.92,82.870002746582,0,0
0,1.68,62.513999938964794,0,0
1,1.23,64.1149978637695,0,0
1,0.75,82.0270004272461,0,0
1,0.74,38.9469985961914,0,0
1,1.2,34.3310012817383,0,0
1,2.04,39.4220008850098,0,0
0,1.34,26.517999649047898,0,0
0,1.19,29.2150001525879,0,0
0,0.63,49.854000091552706,0,0
0,1.13,97.51300048828129,0,0
0,2.24,90.9240036010742,0,0
0,2.21,80.8440017700195,0,0
0,1.35,54.505001068115206,0,0
1,0.64,57.7369995117188,0,0
1,2.0,89.9710006713867,0,0
0,2.85,87.0189971923828,1,0
0,2.09,87.14099884033199,0,0
0,1.9,68.42299652099611,0,0
1,3.58,94.0869979858398,0,0
0,3.31,83.30999755859379,0,0
1,0.89,16.4340000152588,0,0
0,0.6,59.7610015869141,0,0
0,2.47,37.57899856567379,0,0
1,1.76,44.47200012207029,1,8
1,2.87,53.564998626709006,1,10
1,2.82,47.2849998474121,1,10
1,1.7,66.9189987182617,0,0
1,1.81,51.2509994506836,0,0
1,2.43,39.351001739502,0,0
0,0.51,59.284000396728494,0,0
1,2.55,54.2410011291504,0,0
1,1.91,55.2060012817383,0,0
1,2.17,33.609001159668004,0,0
1,1.23,75.4710006713867,0,9
1,3.17,19.2240009307861,0,0
1,1.37,5.51200008392334,0,0
1,2.4,17.1650009155273,0,0
1,1.71,19.2590007781982,0,0
1,2.92,12.9670000076294,0,0
1,1.81,20.5170001983643,0,0
1,2.86,39.752998352050795,0,0
1,3.16,41.4620018005371,0,0
1,2.63,71.7490005493164,0,0
1,1.91,59.4710006713867,0,0
1,1.1,27.4650001525879,0,10
1,4.68,82.8140029907227,0,0
1,4.27,76.91600036621101,0,0
1,2.31,40.6980018615723,0,0
1,1.6,15.3579998016357,0,0
1,2.47,17.7310009002686,0,0
0,2.3,11.0410003662109,1,10
1,1.77,33.2529983520508,0,10
1,2.24,33.330001831054695,0,10
1,3.09,50.04499816894529,0,5
1,0.58,54.798999786377,0,8
1,1.79,47.426998138427706,0,0
1,2.95,60.5419998168945,0,0
1,3.67,77.9830017089844,0,6
1,1.63,82.75,1,7
1,2.21,57.57099914550779,0,9
1,2.2,82.7590026855469,0,0
1,1.37,106.05300140380899,0,9
1,1.25,78.6790008544922,0,9
1,2.59,9.99400043487549,0,10
1,1.71,100.549003601074,0,10
1,3.03,10.366000175476099,0,12
1,1.06,6.1149997711181605,0,0
1,2.52,25.0030002593994,0,10
1,1.0,28.4309997558594,0,6
0,2.05,29.3299999237061,1,4
0,1.44,25.149999618530302,0,10
0,1.46,9.295000076293949,0,5
1,1.32,12.503999710083,0,5
1,0.52,7.72800016403198,1,0
1,0.89,25.257999420166,0,0
1,0.92,19.479999542236303,0,5
1,0.54,14.362999916076697,0,0
1,0.53,19.419000625610398,0,0
1,0.84,21.2810001373291,0,0
1,1.34,40.076999664306605,0,0
1,1.19,31.399000167846697,0,10
1,0.95,49.7760009765625,0,0
0,3.12,84.5869979858398,0,0
1,3.1,78.0189971923828,0,0
1,3.04,88.1309967041016,0,0
1,0.58,31.4969997406006,0,0
0,1.64,40.451999664306605,0,10
0,1.48,47.12699890136721,0,8
0,0.69,11.8500003814697,0,0
0,0.51,12.125,0,12
1,0.63,29.739999771118196,1,12
1,0.53,15.345000267028801,0,0
1,0.61,51.6360015869141,0,0
0,0.69,49.926998138427706,0,10
0,0.94,62.925998687744105,0,0
1,0.67,17.270000457763697,0,0
0,1.23,35.601001739502,0,11
0,0.92,40.1069984436035,1,0
1,1.71,57.701000213623,0,0
1,1.22,42.8930015563965,0,0
1,4.19,31.5410003662109,0,5
1,2.03,64.088996887207,1,8
1,3.96,38.617000579834,0,9
1,3.78,42.9000015258789,0,0
1,2.56,43.880001068115206,0,5
1,4.53,123.581001281738,0,0
1,2.29,144.708999633789,1,5
1,3.21,154.595993041992,0,6
1,1.76,134.10299682617202,0,8
0,2.38,58.6119995117188,0,5
1,1.56,63.58000183105471,1,5
1,0.85,53.125,0,5
0,1.12,61.3689994812012,0,5
1,0.7,21.577999114990202,0,0
1,1.34,20.5359992980957,0,5
0,0.91,33.7879981994629,0,5
0,0.69,8.300999641418459,1,0
0,1.2,24.141000747680696,1,0
0,0.75,53.306999206543,1,5
0,0.88,64.12599945068361,1,5
0,1.0,149.29299926757798,1,8
0,1.96,130.20100402832,1,10
0,1.24,114.26300048828101,1,8
0,0.77,110.458999633789,1,8
0,0.67,112.75499725341801,1,7
0,1.24,84.6060028076172,0,5
0,1.48,90.4459991455078,0,5
1,1.02,3.6970000267028795,0,0
1,1.56,22.565000534057603,0,5
0,1.52,8.17800045013428,0,5
1,1.25,20.563999176025398,0,5
1,0.56,20.9260005950928,0,0
1,1.24,17.867000579834002,0,0
1,0.6,8.715000152587889,0,0
1,1.05,16.6650009155273,0,0
1,0.93,30.92799949646,0,6
1,0.57,49.451999664306605,0,0
1,3.72,25.8159999847412,0,8
1,0.7,30.645999908447298,0,0
1,0.81,29.8229999542236,0,0
1,0.57,21.4300003051758,1,9
1,1.46,12.0030002593994,0,8
0,0.94,7.236999988555911,0,6
0,1.19,15.4069995880127,0,9
0,1.26,7.480999946594241,1,10
1,1.31,29.926000595092802,0,0
1,1.03,25.8390007019043,0,0
1,1.07,16.090999603271502,0,0
0,0.58,22.9300003051758,1,12
1,0.7,19.011999130249,0,0
1,0.61,26.527999877929698,0,0
0,0.66,9.4980001449585,0,0
0,0.63,16.9200000762939,1,4
0,0.86,22.7329998016357,1,4
0,0.63,11.3439998626709,0,0
0,0.61,4.651000022888179,0,10
1,0.85,3.56900000572205,0,10
1,0.61,15.491999626159698,0,5
0,0.51,14.562999725341802,0,10
1,2.52,28.1609992980957,0,5
0,0.53,7.9889998435974094,0,9
1,1.15,3.61199998855591,0,0
1,1.02,26.374000549316396,1,8
1,0.85,10.7209997177124,1,6
0,1.1,23.246000289917003,0,0
0,3.43,27.7649993896484,1,0
1,0.56,32.146999359130895,1,10
1,1.58,39.3409996032715,0,7
0,1.83,10.125,0,10
1,0.83,29.3290004730225,1,5
1,1.08,20.6110000610352,1,10
1,1.28,19.8850002288818,1,2
1,0.9,4.11899995803833,1,11
1,1.23,12.713000297546401,1,0
1,0.52,13.5930004119873,0,12
1,0.96,19.5429992675781,1,5
1,1.26,16.8500003814697,1,0
0,1.19,20.3889999389648,1,7
1,0.55,16.9360008239746,1,10
1,0.63,7.19199991226196,1,6
1,0.97,8.060000419616701,0,10
0,1.25,7.01200008392334,1,0
1,0.97,63.1500015258789,0,5
1,1.46,57.361000061035206,0,0
1,0.72,34.4389991760254,0,10
0,3.74,2.4539999961852996,1,0
0,5.24,36.4090003967285,0,10
1,1.21,9.21300029754639,0,9
0,0.56,14.3780002593994,0,0
0,0.53,10.4490003585815,1,2
0,1.64,50.4910011291504,0,3
0,0.73,7.502999782562259,0,0
0,1.09,15.661999702453599,0,0
1,1.44,12.3929996490479,1,0
0,0.9,17.159000396728498,0,5
1,1.49,12.519000053405799,0,8
0,1.28,0.925999999046326,1,5
1,0.52,2.7909998893737797,0,0
1,0.77,24.6889991760254,1,9
1,0.82,27.1569995880127,0,10
1,0.74,12.015000343322802,0,14
1,1.55,30.0170001983643,0,10
1,2.18,15.940999984741199,0,10
1,1.07,20.2029991149902,0,10
1,1.07,8.58399963378906,1,0
0,1.44,26.5359992980957,1,8
1,1.37,41.0,1,0
1,0.98,46.4389991760254,1,8
1,0.62,3.03200006484985,0,3
1,0.63,36.7729988098145,0,5
1,2.17,41.709999084472706,0,5
1,0.9,34.6539993286133,1,0
1,1.85,43.425998687744105,1,0
1,1.44,28.4769992828369,1,10
1,1.03,9.64000034332275,0,10
1,0.63,11.9739999771118,1,0
1,1.46,7.27699995040894,0,10
0,2.21,19.320999145507802,0,5
1,1.01,6.506999969482419,0,0
1,0.77,25.9519996643066,0,0
1,0.64,16.8579998016357,0,9
1,0.66,19.2649993896484,0,7
0,0.6,72.8330001831055,0,0
1,0.86,63.3250007629395,0,9
0,1.0,22.181999206543,1,5
1,1.75,24.1830005645752,1,10
0,1.76,24.6909999847412,1,2
0,1.02,26.7950000762939,0,5
1,1.8,5.28499984741211,0,10
0,2.99,31.4389991760254,0,6
1,0.87,66.9580001831055,1,0
1,1.19,13.229999542236301,0,10
1,3.26,23.030000686645497,1,3
1,6.53,36.4140014648438,1,12
1,4.22,30.6189994812012,0,12
0,3.67,12.479999542236301,1,6
1,3.58,5.388000011444089,0,10
1,3.21,7.758999824523929,0,3
1,3.52,42.0870018005371,0,12
1,3.32,6.389999866485599,0,12
1,2.0,14.623999595642099,0,0
1,2.89,11.2829999923706,0,8
1,3.12,11.5670003890991,0,8
1,2.13,86.0179977416992,0,6
1,1.68,9.560999870300302,0,5
0,0.88,28.6539993286133,1,7
1,2.69,41.0750007629395,0,5
1,3.36,41.8540000915527,0,0
1,2.18,27.5849990844727,0,8
0,1.36,10.4709997177124,0,0
1,3.46,34.2690010070801,0,9
1,2.88,24.097999572753896,0,0
1,2.1,10.9650001525879,0,0
1,2.45,5.013999938964839,0,0
1,2.98,32.1100006103516,0,5
1,2.27,27.538999557495103,0,0
1,2.37,32.4620018005371,0,5
1,1.67,14.0430002212524,1,9
1,2.08,11.095000267028801,0,0
1,2.17,8.18200016021729,1,5
1,2.18,3.67499995231628,1,8
1,1.92,16.3530006408691,1,0
1,2.61,22.6860008239746,0,0
1,2.03,32.1199989318848,0,5
1,5.06,15.0799999237061,0,0
1,2.38,5.25600004196167,0,5
1,2.96,19.841999053955103,1,9
1,3.12,22.2900009155273,0,10
0,1.67,46.0349998474121,0,7
1,2.39,23.837999343872102,0,0
1,2.66,28.5790004730225,0,0
1,3.31,20.132999420165998,0,6
1,5.41,11.692999839782699,0,6
0,2.41,25.0289993286133,1,3
0,0.62,20.1679992675781,0,0
1,1.28,15.5640001296997,0,2
1,2.04,19.0699996948242,1,4
1,2.31,31.527000427246104,0,0
1,2.46,17.618000030517603,1,0
0,1.92,33.6310005187988,0,0
1,3.26,37.9790000915527,1,7
1,1.85,28.7910003662109,1,0
1,2.05,19.2810001373291,1,0
1,1.65,30.767999649047898,1,0
1,0.61,63.654998779296896,1,0
1,1.99,57.2859992980957,0,0
1,3.56,55.409000396728494,0,0
1,1.98,45.25199890136721,0,0
1,2.06,32.879001617431605,1,0
1,1.7,27.0580005645752,1,5
1,2.02,23.820999145507802,0,0
1,2.13,48.773998260498,1,3
0,0.67,5.22900009155273,0,8
1,3.34,23.8490009307861,0,6
1,2.32,13.451000213622999,0,4
1,1.88,31.2360000610352,0,5
0,2.82,62.3400001525879,0,0
0,2.47,32.2649993896484,0,5
0,2.86,41.3019981384277,0,0
1,3.26,42.298999786377,0,5
0,0.92,54.2309989929199,1,0
0,1.46,45.22200012207029,0,5
0,2.86,60.255001068115206,1,5
0,3.27,66.32399749755861,0,5
0,3.45,64.7939987182617,1,5
0,4.46,37.8730010986328,0,8
0,3.32,28.8899993896484,1,5
0,4.78,46.6119995117188,0,5
0,3.86,52.729000091552706,0,0
0,2.97,58.0110015869141,0,10
0,2.72,48.076000213623,0,5
1,3.01,40.09299850463871,0,0
0,1.29,71.3870010375977,1,12
0,1.95,74.2730026245117,0,0
1,5.28,50.1150016784668,0,5
1,6.0,70.6179962158203,0,0
1,3.36,75.3219985961914,1,5
1,2.61,59.58000183105471,0,5
1,2.39,80.6650009155273,0,0
1,1.09,44.37699890136721,0,12
1,3.75,33.9939994812012,0,6
1,1.24,46.5460014343262,0,0
0,4.74,47.7309989929199,0,5
0,4.25,37.4459991455078,0,0
1,1.36,20.3939990997314,0,5
1,3.41,30.1599998474121,1,5
1,2.72,18.0100002288818,0,8
1,2.6,35.4249992370605,1,7
0,2.64,57.672000885009794,0,0
0,3.34,82.6340026855469,0,6
1,3.28,68.5989990234375,0,10
0,3.62,113.28399658203101,1,8
0,3.12,72.6760025024414,0,7
1,1.83,74.7490005493164,1,7
0,2.98,70.4219970703125,1,5
0,2.79,60.279998779296896,1,5
0,2.24,22.097999572753896,0,0
1,1.56,54.984001159668,1,9
1,1.35,28.625,0,10
1,1.95,2.84899997711182,0,10
1,1.7,3.3800001144409197,0,8
1,1.15,29.7810001373291,0,5
0,1.98,17.8020000457764,1,5
1,0.96,20.201000213623,0,6
1,1.48,22.399000167846697,0,0
0,0.87,12.5249996185303,0,0
1,0.63,140.11799621582,0,0
0,1.21,158.485000610352,0,0
1,2.05,150.768997192383,0,0
0,2.96,172.522003173828,0,0
1,1.4,152.029006958008,0,0
1,2.64,151.039001464844,0,0
1,1.95,165.416000366211,0,0
0,5.54,167.083999633789,0,0
1,1.12,25.577999114990202,0,0
1,2.18,33.2999992370605,0,6
1,3.02,32.205001831054695,0,5
0,1.77,18.0480003356934,1,0
1,1.46,25.3059997558594,0,5
1,1.38,10.303999900817901,1,0
1,1.63,18.1849994659424,1,0
1,1.33,10.1040000915527,1,0
0,3.48,37.521999359130895,1,5
1,1.95,15.416999816894501,0,5
1,0.84,4.34100008010864,0,7
1,2.65,20.5669994354248,0,5
1,1.56,33.679000854492195,0,6
1,0.69,5.73400020599365,0,7
1,2.31,27.5189990997314,1,0
1,1.14,35.1580009460449,1,0
1,1.98,13.5670003890991,0,5
1,1.82,6.30900001525879,0,10
0,1.09,43.5289993286133,0,6
1,0.56,62.4000015258789,0,7
0,2.18,20.9370002746582,0,0
0,1.31,20.4829998016357,1,0
0,1.06,29.875999450683604,1,0
0,1.25,23.1030006408691,1,0
0,0.87,39.8230018615723,0,0
1,1.32,52.356998443603494,1,0
1,1.84,48.529998779296896,1,0
1,0.95,23.986999511718803,1,0
1,1.12,44.640998840332,1,5
1,1.32,25.4200000762939,1,5
1,0.81,63.994998931884794,1,0
0,0.57,86.291000366211,1,0
1,2.0,88.7519989013672,0,4
1,1.22,65.63600158691399,0,0
0,1.91,95.302001953125,0,6
1,1.41,67.4919967651367,0,6
0,1.57,58.6339988708496,0,6
0,1.11,58.2109985351563,0,6
0,1.3,77.8820037841797,0,0
0,1.05,106.01699829101601,0,6
0,0.95,118.44100189209,0,7
1,1.68,119.599998474121,1,0
1,1.26,118.35900115966801,0,0
0,1.34,81.0120010375977,0,5
1,0.83,19.6350002288818,0,5
1,1.07,64.3570022583008,1,10
1,1.0,46.8660011291504,0,5
1,0.81,33.779998779296896,0,4
0,1.02,39.646999359130895,0,5
0,0.79,23.1450004577637,1,5
0,0.8,11.366999626159698,1,8
1,0.91,16.6860008239746,0,7
0,0.83,16.4389991760254,0,7
0,0.98,8.02999973297119,0,0
1,1.24,35.918998718261705,0,8
0,1.13,46.069000244140604,0,0
0,0.68,222.705993652344,0,5
0,1.56,184.078994750977,0,10
0,1.57,131.104995727539,0,5
1,4.42,36.201000213623,1,6
1,1.48,42.917999267578104,1,0
0,1.49,185.389999389648,0,8
0,1.37,41.7029991149902,1,0
0,1.13,63.9010009765625,1,0
0,1.21,33.266998291015604,1,0
0,1.13,21.7689990997314,1,0
0,0.86,16.320999145507802,1,0
0,1.06,19.9869995117188,1,10
0,0.89,53.479000091552706,1,0
0,0.95,58.5130004882813,0,0
1,1.46,10.241999626159698,1,0
1,1.27,47.4710006713867,0,0
1,1.36,73.4250030517578,0,5
1,1.14,61.3520011901855,1,0
0,1.37,46.5309982299805,1,0
1,1.27,64.0210037231445,1,5
1,0.8,33.5839996337891,1,5
1,0.94,39.146999359130895,0,10
0,0.82,42.8390007019043,1,0
1,2.42,26.7689990997314,0,16
1,2.81,18.7000007629395,0,16
1,3.48,22.2590007781982,0,16
1,2.32,24.301000595092802,0,16
1,1.85,29.372999191284197,0,16
0,3.83,18.7600002288818,1,5
0,1.17,22.193000793457,1,5
1,1.41,17.003999710083,0,0
0,0.57,7.80399990081787,0,0
1,1.93,15.0100002288818,0,0
1,1.19,79.9440002441406,0,4
0,0.74,43.569000244140604,0,8
1,0.71,24.2119998931885,0,0
1,0.94,11.519000053405799,0,3
1,1.52,40.63100051879879,1,7
1,2.67,40.6360015869141,0,12
1,1.56,29.0359992980957,0,9
1,2.35,19.2649993896484,1,8
1,2.61,32.786998748779304,1,0
0,1.23,33.0519981384277,1,0
1,1.82,44.2150001525879,0,5
0,1.42,67.2480010986328,0,0
1,0.66,17.350999832153303,1,0
1,1.97,48.3689994812012,0,12
1,0.92,147.863998413086,0,0
0,2.0,130.87399291992202,1,0
0,0.94,9.78699970245361,0,0
0,1.9,177.330993652344,1,10
1,2.26,218.54200744628898,0,10
0,1.79,307.790985107422,1,0
1,3.11,272.380004882813,0,10
1,4.48,29.006999969482397,0,0
0,0.68,26.2150001525879,0,7
0,2.21,35.2239990234375,0,10
1,2.41,37.4609985351563,0,4
1,2.25,9.57400035858154,1,7
0,1.32,50.245998382568395,0,0
0,0.53,15.288999557495101,0,0
0,0.61,19.1609992980957,0,0
0,0.64,31.1219997406006,0,5
0,2.5,32.963001251220696,0,5
0,0.99,30.422000885009798,0,0
1,3.23,40.221000671386705,0,0
1,0.78,47.1319999694824,1,12
1,0.72,59.2760009765625,1,12
1,0.89,31.261999130249,0,12
1,2.94,28.190000534057603,0,5
0,1.64,20.544000625610398,1,0
1,1.18,20.5820007324219,1,0
0,0.68,38.2610015869141,1,0
0,1.42,48.273998260498,0,8
0,0.69,56.5579986572266,1,5
0,1.97,34.7109985351563,1,12
1,2.92,44.4329986572266,1,5
0,0.97,90.8109970092773,0,0
0,2.42,83.0550003051758,1,0
1,7.48,127.387001037598,1,0
0,7.28,114.69000244140601,1,0
0,2.04,97.5329971313477,1,0
1,1.34,79.58799743652341,1,7
0,1.84,94.7559967041016,0,8
0,1.94,73.3629989624023,0,5
0,1.72,95.3030014038086,1,5
0,3.49,149.992004394531,0,10
0,2.25,148.714996337891,0,10
1,3.89,163.041000366211,1,7
1,1.65,79.556999206543,1,8
1,3.21,69.8079986572266,1,6
1,2.81,102.332000732422,1,12
0,2.12,79.4800033569336,1,8
1,1.06,91.4410018920898,1,12
0,1.3,92.48999786376949,0,3
1,2.23,81.9759979248047,0,8
0,2.2,74.51100158691399,1,9
1,0.73,14.7119998931885,1,0
1,1.78,29.198999404907198,0,5
0,7.79,16.9300003051758,0,0
1,4.84,14.644000053405799,1,0
0,3.9,30.2140007019043,1,0
0,3.21,34.8199996948242,1,0
0,2.33,42.97200012207029,1,0
0,0.89,34.7569999694824,1,0
1,2.37,17.3819999694824,0,0
1,2.54,21.888000488281303,0,15
1,3.37,72.8450012207031,0,15
1,2.56,48.909000396728494,1,7
1,4.92,45.7610015869141,0,0
1,4.96,53.765998840332,0,0
0,6.89,54.391998291015604,1,0
1,2.38,41.9000015258789,0,0
1,6.32,55.2529983520508,1,0
1,2.9,19.408000946044897,0,9
1,5.2,23.2950000762939,0,0
1,1.05,16.4650001525879,1,0
1,1.09,17.570999145507802,1,10
1,1.61,9.656999588012699,0,6
1,2.03,9.23499965667725,0,12
1,0.82,17.2859992980957,0,0
1,0.67,5.32800006866455,0,13
0,1.91,4.55299997329712,1,3
1,1.49,35.601001739502,0,14
0,2.08,13.4079999923706,1,0
0,1.99,22.2840003967285,0,10
0,2.38,38.8370018005371,0,4
1,1.87,50.632999420165994,0,0
1,0.98,23.472999572753896,0,0
0,2.32,25.181999206543,0,0
1,2.74,34.830001831054695,1,0
1,3.21,30.375,0,9
1,1.4,32.0060005187988,1,9
0,0.79,13.9289999008179,0,0
1,1.09,20.033000946044897,1,0
1,1.1,24.0419998168945,1,7
1,0.64,12.873000144958501,0,0
1,1.36,6.993000030517581,0,0
1,1.84,16.2609996795654,0,0
0,2.32,16.3430004119873,0,9
1,3.35,13.6569995880127,0,12
0,1.72,20.0259990692139,0,5
0,1.72,15.0410003662109,0,10
1,1.97,27.6480007171631,0,8
0,0.72,55.1259994506836,0,5
1,1.15,40.8470001220703,1,10
0,1.76,19.5849990844727,1,4
1,2.64,56.228000640869105,1,0
0,1.71,43.279998779296896,1,0
1,2.98,42.0099983215332,0,5
1,0.55,21.4160003662109,1,0
1,2.13,21.594999313354503,0,0
1,3.96,12.352999687194801,1,0
1,2.3,12.420999526977502,1,5
1,4.79,8.1569995880127,0,0
1,1.17,11.5769996643066,0,6
0,5.07,30.850000381469698,0,0
1,3.01,64.2919998168945,0,9
1,1.73,28.752000808715803,1,3
0,2.51,24.2759990692139,1,9
0,0.63,15.2659997940063,0,11
0,1.18,9.192999839782711,1,8
1,0.8,23.8299999237061,1,0
1,6.59,26.5349998474121,1,5
1,2.81,14.9569997787476,1,5
1,1.9,11.793999671936,0,9
1,3.9,29.892999649047898,1,0
1,5.58,20.3589992523193,0,5
1,3.49,43.5670013427734,0,3
1,3.09,30.4309997558594,0,5
0,3.92,41.608001708984396,0,5
0,1.02,47.9560012817383,1,0
1,1.35,26.783000946044897,0,0
1,0.98,42.3250007629395,1,0
1,1.12,78.9489974975586,1,5
1,0.82,80.5690002441406,1,5
1,0.99,80.3239974975586,1,7
1,1.38,54.926998138427706,0,5
1,0.91,54.3899993896484,0,4
1,1.27,41.595001220703104,0,5
0,1.1,57.1139984130859,0,5
0,0.64,26.4449996948242,0,5
1,0.89,21.614999771118196,1,0
0,0.78,11.1429996490479,0,8
1,0.64,17.0100002288818,1,8
0,0.73,8.41300010681152,1,2
1,0.68,4.218999862670899,1,0
1,2.33,20.705999374389602,1,3
1,2.44,24.5359992980957,1,2
1,2.1,5.9510002136230495,1,2
1,1.9,7.157999992370599,1,0
1,0.52,23.809999465942397,1,0
1,4.05,87.23999786376949,0,5
1,4.94,12.4930000305176,1,8
1,5.73,3.0699999332427996,1,12
1,3.5,77.2289962768555,1,7
1,2.07,46.2890014648438,1,4
1,2.52,47.965999603271506,1,7
0,2.71,41.6640014648438,1,5
1,2.47,61.180999755859396,1,2
1,0.78,67.2259979248047,0,5
1,3.28,44.4249992370605,1,5
1,2.29,14.755000114440902,1,7
1,1.11,8.76900005340576,1,5
1,2.39,29.7700004577637,0,3
1,3.17,17.044000625610398,1,0
1,2.04,22.695999145507802,1,10
1,1.26,26.4300003051758,1,3
1,2.64,50.3720016479492,1,12
1,2.67,49.5859985351563,1,0
1,1.64,75.3059997558594,0,9
1,1.91,41.851001739502,0,10
1,2.15,19.5860004425049,1,4
1,1.9,46.1889991760254,1,5
1,1.66,35.8880004882813,0,0
1,2.06,26.2140007019043,1,0
1,1.1,16.9750003814697,0,5
0,1.28,45.47200012207029,0,0
1,2.34,46.30400085449221,1,8
1,2.51,56.904998779296896,1,0
1,3.4,50.6920013427734,1,3
1,3.08,34.286998748779304,0,0
1,2.1,9.079999923706051,1,5
0,0.77,18.273000717163104,1,5
1,5.04,100.13800048828101,0,3
1,4.07,73.0439987182617,0,12
1,7.37,59.54499816894529,1,4
1,8.79,32.925998687744105,0,6
0,3.52,47.0629997253418,0,3
1,3.59,15.3030004501343,0,4
1,3.87,18.773000717163104,0,10
1,2.68,29.9500007629395,0,2
1,5.48,41.425998687744105,0,6
1,3.72,0.6499999761581421,0,4
1,5.54,8.675999641418459,0,5
1,5.8,17.372999191284197,0,3
1,6.08,32.333000183105504,0,12
1,3.8,17.350999832153303,0,0
1,2.15,24.885999679565398,1,0
1,2.74,40.319000244140604,0,0
1,2.5,42.1360015869141,1,0
1,2.98,17.6100006103516,1,8
1,2.26,17.004999160766598,1,0
1,0.67,15.5959997177124,1,4
1,2.4,38.6459999084473,1,0
1,1.02,83.8089981079102,1,0
1,1.1,76.44200134277341,1,0
1,2.75,61.215999603271506,1,0
1,1.83,55.3619995117188,1,5
1,0.82,39.9809989929199,1,0
0,0.75,46.550998687744105,1,5
1,1.25,37.0009994506836,1,7
1,1.05,32.582000732421896,1,0
1,0.83,22.7590007781982,1,5
1,1.13,4.96299982070923,0,5
1,1.12,53.1259994506836,0,0
0,1.35,22.7849998474121,1,5
1,1.25,27.5890007019043,1,3
1,2.25,53.4010009765625,0,0
1,1.97,69.44899749755861,0,2
1,1.68,39.5610008239746,0,5
0,0.54,23.4650001525879,1,2
1,0.64,16.3010005950928,1,5
1,0.8,42.0229988098145,0,2
1,1.1,13.75,0,0
1,2.14,19.253999710083,1,4
1,3.96,16.965999603271502,0,10
1,0.76,23.5060005187988,0,8
1,5.28,52.300998687744105,0,4
1,1.89,56.0260009765625,0,3
1,1.71,0.5910000205039979,1,0
1,1.46,24.5359992980957,0,5
1,3.45,37.7729988098145,0,10
0,2.92,65.59500122070311,0,5
0,4.4,35.793998718261705,0,5
1,4.99,4.96999979019165,0,5
1,1.51,77.8209991455078,0,0
1,1.82,104.458999633789,0,0
0,0.99,31.5580005645752,0,5
1,2.71,33.951000213623,0,15
0,2.39,36.609001159668004,1,5
1,2.7,29.2840003967285,1,6
1,3.9,32.2229995727539,0,3
1,2.95,25.6889991760254,0,5
1,3.66,10.0459995269775,0,5
1,1.1,32.832000732421896,1,4
0,2.07,32.050998687744105,0,4
1,3.07,43.917999267578104,1,5
1,2.11,49.681999206543,0,5
1,2.19,47.9099998474121,1,5
1,2.31,38.7830009460449,0,4
0,0.83,41.7680015563965,0,2
1,0.6,54.04499816894529,1,4
1,1.12,62.3199996948242,0,3
1,0.54,47.362998962402294,0,10
1,1.27,38.153999328613295,0,3
1,1.05,23.1800003051758,0,5
1,0.82,19.363000869751,1,0
1,0.62,16.4139995574951,0,0
0,1.51,33.141998291015604,1,5
1,0.68,24.9060001373291,1,4
1,1.66,16.267999649047898,1,2
0,0.52,26.7639999389648,1,4
0,0.62,5.474999904632571,1,4
1,0.6,2.71799993515015,1,4
0,0.51,26.0799999237061,1,4
1,1.34,31.1450004577637,1,15
1,0.68,44.57099914550779,0,12
1,0.66,54.5670013427734,1,4
1,0.68,64.4789962768555,1,10
1,0.8,62.3839988708496,0,10
1,0.71,61.576999664306605,0,10
1,0.8,34.8660011291504,0,14
1,0.97,35.441001892089794,1,12
0,2.8,24.4449996948242,1,4
0,0.99,22.323999404907198,1,12
0,1.13,9.4709997177124,1,4
0,0.77,6.52899980545044,1,4
1,0.93,11.0179996490479,0,5
0,3.37,5.44000005722046,1,0
0,1.25,22.702999114990202,1,0
1,2.69,38.581001281738295,1,7
0,0.6,38.736000061035206,1,3
1,0.73,56.2150001525879,0,0
1,2.69,48.851001739502,1,0
1,2.61,55.834999084472706,0,8
1,3.43,62.80400085449221,0,4
0,4.09,51.6920013427734,0,0
0,2.23,32.4860000610352,1,4
1,2.35,31.951000213623,0,8
0,4.62,55.1520004272461,0,5
0,1.99,60.672000885009794,1,0
0,1.01,89.89099884033199,0,10
0,3.23,93.5989990234375,0,0
0,1.31,166.361999511719,0,0
1,0.85,177.266998291016,0,9
0,0.84,158.29299926757798,1,3
0,2.11,66.70200347900389,1,4
0,1.36,74.177001953125,1,10
0,0.75,40.1160011291504,0,7
1,1.25,67.59799957275389,0,10
1,1.34,18.222000122070302,0,8
0,0.88,81.9599990844727,1,5
0,1.05,49.542999267578104,0,5
0,1.4,55.7760009765625,1,0
0,1.03,52.0379981994629,1,0
0,1.15,98.8759994506836,1,0
0,1.15,94.78500366210942,0,0
0,0.89,104.093002319336,1,5
0,1.07,66.7580032348633,1,5
1,1.09,44.691001892089794,1,5
0,2.04,97.83899688720699,1,0
1,0.83,104.314002990723,0,0
1,0.63,107.079002380371,0,10
0,1.09,66.83999633789061,0,5
1,0.96,17.3899993896484,0,12
0,0.74,48.805999755859396,0,5
1,2.38,30.4500007629395,0,0
0,0.69,30.684999465942397,0,5
0,0.97,41.346000671386705,0,0
1,1.91,66.74600219726561,0,5
1,1.86,37.4329986572266,0,0
0,0.92,35.844001770019496,0,0
0,2.4,11.7019996643066,1,8
0,1.71,37.601001739502,0,5
0,1.08,30.7119998931885,0,0
1,0.98,53.4970016479492,0,0
0,0.84,68.4509963989258,0,0
0,0.74,75.9169998168945,1,9
0,0.96,84.8349990844727,0,0
0,1.31,128.621002197266,0,10
1,3.17,140.531005859375,1,0
0,2.8,128.388000488281,1,14
1,1.27,153.173004150391,0,7
0,0.87,172.733993530273,0,14
0,2.23,170.22000122070298,0,0
1,1.93,175.725006103516,0,12
0,1.08,93.21600341796879,0,4
0,1.11,80.0849990844727,1,8
0,1.7,108.91100311279301,0,0
1,2.21,68.556999206543,1,0
0,0.83,139.080993652344,0,4
1,1.36,127.642997741699,0,4
1,1.42,50.4210014343262,0,0
0,0.54,39.574001312255895,1,0
0,2.28,79.7210006713867,0,4
0,2.08,127.25,1,0
0,0.87,134.315994262695,1,4
0,0.91,135.10400390625,1,0
0,1.45,132.244003295898,0,4
0,1.61,118.935997009277,0,4
1,3.38,60.805999755859396,0,4
1,3.49,87.0979995727539,0,0
1,2.72,55.5009994506836,1,0
1,1.43,36.20399856567379,1,0
1,1.86,46.8079986572266,0,4
1,2.38,67.4169998168945,0,0
1,2.09,93.9499969482422,1,3
0,1.66,70.21099853515629,1,2
0,1.51,113.008003234863,1,8
1,5.12,96.2220001220703,1,9
0,4.41,141.244003295898,1,4
1,3.37,156.123001098633,1,0
1,4.0,179.117004394531,1,5
1,2.03,138.363998413086,0,5
0,1.19,95.61599731445308,0,7
0,2.33,62.9650001525879,0,4
1,1.14,12.454000473022498,1,0
1,3.31,45.9939994812012,0,3
0,2.58,133.873001098633,1,5
1,2.99,42.6319999694824,0,0
1,2.56,63.415000915527294,0,10
1,1.11,62.853000640869105,1,0
0,1.85,46.327999114990206,0,0
0,2.18,42.61899948120121,1,6
0,1.47,14.4569997787476,0,5
0,2.19,32.576000213623,1,0
1,1.48,78.5419998168945,1,3
1,1.5,99.1859970092773,1,5
0,1.76,91.781997680664,1,5
1,1.6,96.7099990844727,1,5
0,2.79,104.166000366211,1,0
1,2.62,71.2009963989258,1,5
0,1.43,9.67300033569336,0,0
1,1.17,56.566001892089794,1,4
0,2.04,31.9680004119873,1,5
1,2.66,62.3979988098145,1,9
1,2.11,44.0130004882813,0,5
1,3.35,30.621000289917003,1,5
1,2.35,32.6119995117188,0,5
0,3.26,68.9290008544922,0,0
0,3.19,93.8040008544922,0,0
1,3.19,127.69000244140601,1,0
1,3.69,135.835006713867,0,3
1,2.99,152.783004760742,0,3
0,2.48,138.408996582031,1,8
0,0.79,95.333999633789,0,3
1,1.31,127.28099822997999,1,5
0,0.65,109.17600250244101,0,3
0,1.0,98.1110000610352,1,4
0,1.9,165.70700073242202,1,3
0,2.03,187.832000732422,0,2
0,1.02,196.503005981445,0,4
0,2.13,184.399002075195,0,8
1,2.59,199.309005737305,0,10
1,2.14,169.531005859375,0,5
1,1.23,31.533000946044897,0,3
0,1.56,24.690000534057603,0,4
0,1.19,68.4459991455078,0,4
0,0.79,75.93699645996101,1,9
1,0.83,23.232000350952102,0,6
0,0.85,45.7599983215332,0,6
0,0.87,18.9529991149902,0,3
1,2.54,43.4669990539551,1,0
0,1.42,11.2910003662109,0,0
1,1.89,21.9039993286133,1,9
0,1.42,25.003999710082997,1,12
0,0.99,45.9109992980957,1,6
1,1.73,47.952999114990206,0,12
0,2.33,70.5660018920898,0,2
1,3.18,62.6380004882813,1,0
1,0.56,14.0450000762939,0,5
1,1.2,8.92399978637695,0,10
1,0.62,7.33500003814697,1,3
1,5.66,28.9689998626709,0,8
1,1.21,21.482000350952102,1,12
1,4.82,19.0219993591309,0,9
1,0.56,39.165000915527294,0,12
0,0.83,37.278999328613295,1,5
1,0.82,50.5810012817383,0,11
1,1.43,27.131999969482397,0,5
1,1.29,16.3589992523193,0,0
1,1.22,17.4580001831055,0,5
1,0.72,19.5300006866455,0,5
0,2.22,7.58699989318848,0,5
1,0.83,30.875999450683604,0,3
1,1.64,23.6450004577637,0,3
0,0.62,12.1529998779297,0,8
1,1.51,31.070999145507802,1,3
1,0.7,16.2709999084473,0,4
1,0.6,17.1140003204346,1,0
1,0.61,15.494999885559098,0,3
1,1.07,26.486999511718803,0,4
1,1.2,43.141998291015604,1,7
1,0.92,25.6870002746582,0,4
1,2.21,9.97599983215332,0,4
1,1.1,6.54099988937378,0,4
1,1.01,43.2849998474121,0,10
1,0.9,71.129997253418,0,4
1,1.16,70.03199768066399,0,10
1,1.62,70.0210037231445,0,6
1,1.47,92.68099975585942,1,0
1,1.03,81.8919982910156,0,4
0,1.4,79.9029998779297,0,10
0,0.83,55.0610008239746,1,5
1,0.79,23.8250007629395,1,8
1,1.76,60.051998138427706,0,4
1,1.49,39.332000732421896,0,5
0,1.07,19.2490005493164,0,10
1,1.18,14.2440004348755,0,9
1,1.71,47.8489990234375,0,10
1,1.79,51.7150001525879,1,10
1,1.75,57.387001037597706,0,5
1,0.95,7.1479997634887695,0,14
1,1.09,19.1830005645752,0,4
1,1.23,29.9810009002686,0,10
1,1.25,35.7050018310547,0,7
1,1.15,53.3940010070801,0,2
1,0.92,36.7480010986328,0,4
1,0.9,34.8050003051758,0,0
1,0.86,13.626999855041499,1,3
0,2.18,34.1119995117188,0,8
1,1.28,13.1020002365112,0,8
1,0.75,14.0939998626709,0,12
1,0.82,9.942999839782711,0,3
1,1.65,84.1689987182617,0,7
1,1.8,78.0250015258789,0,6
1,5.18,48.6780014038086,1,5
1,0.65,28.3320007324219,0,5
1,0.57,17.8479995727539,0,10
1,0.87,83.7190017700195,0,5
1,0.98,24.3889999389648,1,5
1,0.52,22.975999832153303,0,0
1,0.58,4.00600004196167,0,8
1,0.59,28.448999404907198,0,4
1,1.53,10.763999938964801,0,2
0,0.6,5.3850002288818395,0,4
0,0.69,25.0769996643066,0,3
0,0.68,21.8560009002686,0,4
1,0.93,8.53600025177002,0,3
1,0.74,8.82400035858154,0,3
0,0.72,13.888999938964801,0,3
0,0.62,36.396999359130895,1,4
0,0.71,10.666999816894501,1,3
0,0.53,5.580999851226809,1,4
0,0.6,9.331000328063961,0,4
0,2.2,120.097999572754,0,4
0,2.71,142.522994995117,0,4
0,3.2,145.55700683593798,0,5
0,1.35,98.5059967041016,0,4
0,0.99,84.484001159668,1,2
0,1.98,91.0029983520508,0,6
0,1.03,40.129001617431605,0,4
0,1.32,4.27299976348877,0,6
1,1.04,21.2859992980957,0,7
1,0.57,15.0500001907349,0,7
1,0.71,19.340999603271502,0,4
0,0.63,36.8489990234375,0,2
1,2.65,29.4069995880127,0,4
1,0.9,19.173999786377,0,5
1,0.89,70.0029983520508,0,5
1,1.58,64.7419967651367,0,6
1,1.35,56.297000885009794,0,2
0,1.61,53.550998687744105,0,3
0,1.31,100.90599822997999,0,5
0,0.82,81.3850021362305,0,2
0,0.89,68.9619979858398,0,3
1,1.12,89.0070037841797,1,4
0,0.56,34.5789985656738,0,4
0,0.77,48.0130004882813,0,9
1,0.54,16.6860008239746,0,4
1,1.17,66.06900024414061,1,5
1,1.34,32.001998901367195,0,3
1,1.32,12.5939998626709,0,5
1,1.12,28.0060005187988,0,10
1,1.17,48.4449996948242,0,3
1,0.85,28.645999908447298,0,5
1,0.89,25.9309997558594,1,0
1,0.99,45.271999359130895,1,3
0,1.18,49.3460006713867,1,3
0,1.08,71.5179977416992,0,3
0,1.03,75.697998046875,0,6
0,1.18,54.40299987792971,0,6
1,1.38,23.1480007171631,0,4
0,1.41,31.385999679565398,0,5
1,0.87,27.882999420166,0,4
0,0.65,99.4410018920898,0,4
0,0.55,115.994003295898,0,4
1,0.55,60.431999206543,0,9
0,0.59,31.239000320434602,1,5
0,0.53,49.2000007629395,1,9
1,0.81,31.270999908447298,0,7
1,0.87,8.8120002746582,0,6
1,0.77,27.8889999389648,0,10
0,0.7,48.25,0,7
1,0.65,42.594001770019496,0,11
0,0.95,59.82099914550779,0,7
1,2.6,8.10000038146973,1,5
0,0.56,31.0799999237061,0,5
1,0.83,35.637001037597706,0,0
1,0.7,10.5459995269775,1,0
0,0.94,7.3119997978210405,1,0
1,0.73,10.6490001678467,1,5
1,0.52,11.9940004348755,0,5
1,1.99,90.041000366211,0,6
1,3.51,11.602999687194801,1,5
1,5.09,21.6110000610352,1,10
1,3.5,11.0939998626709,1,8
0,2.04,138.309997558594,1,8
0,2.38,133.134994506836,1,0
0,1.96,152.464004516602,1,15
0,1.89,154.082992553711,1,0
1,2.93,96.079002380371,0,11
0,2.75,96.6480026245117,0,11
0,2.52,128.108001708984,0,10
0,1.7,160.99499511718798,0,10
0,1.94,169.274002075195,0,0
1,1.8,134.97000122070298,1,12
0,1.96,127.19300079345699,1,8
0,1.8,135.214004516602,1,10
0,1.03,99.89099884033199,0,4
0,1.84,103.031997680664,0,5
0,1.74,89.2679977416992,1,8
0,1.84,83.431999206543,1,8
1,1.55,7.33599996566772,0,1
0,0.57,7.550000190734861,0,5
1,1.27,18.5599994659424,1,0
0,0.62,26.250999450683604,1,0
1,3.04,43.306999206543,0,8
1,3.42,61.547000885009794,1,0
1,2.54,47.0309982299805,0,3
1,2.16,85.4820022583008,0,4
0,0.66,25.5219993591309,1,0
0,1.2,44.943000793457,1,4
0,0.75,19.318000793457,0,7
0,0.55,25.371000289917003,1,10
0,0.75,54.423999786377,1,6
0,0.87,81.16600036621101,0,0
0,1.65,13.5799999237061,1,0
0,1.54,24.0049991607666,1,10
0,0.74,28.2150001525879,1,7
0,0.78,23.9419994354248,0,7
0,0.71,40.29600143432621,1,8
1,0.64,32.242000579834,1,0
1,0.98,15.355999946594201,1,0
0,0.95,27.4200000762939,0,3
0,0.85,15.484999656677198,0,0
1,1.03,26.0769996643066,0,7
1,0.65,45.542999267578104,0,0
0,0.6,44.194000244140604,1,10
0,0.59,23.3549995422363,1,0
0,0.62,21.8980007171631,0,0
1,1.15,30.4650001525879,0,8
0,0.83,17.371000289917,0,8
1,0.76,33.507999420166,0,8
0,0.88,39.9739990234375,0,5
0,0.63,19.9209995269775,0,4
0,0.59,26.6650009155273,0,9
0,0.62,39.1629981994629,1,5
0,0.63,38.941001892089794,1,5
0,0.6,47.773998260498,0,8
1,0.77,40.543998718261705,0,0
1,0.7,16.604999542236303,1,5
0,0.77,28.2549991607666,1,0
0,0.53,17.375999450683597,1,3
0,0.51,11.404999732971199,1,5
1,1.29,18.479999542236303,0,5
1,2.55,10.777000427246099,0,5
0,0.52,32.583000183105504,1,3
0,0.67,35.8079986572266,1,3
0,0.55,41.112998962402294,1,4
1,2.31,18.4379997253418,0,2
0,0.71,22.8139991760254,1,0
1,0.82,13.7849998474121,1,5
0,0.71,98.0329971313477,0,8
0,0.52,153.72799682617202,0,5
0,0.91,36.9160003662109,0,3
0,0.51,35.728000640869105,0,5
1,1.92,23.780000686645497,1,5
0,0.55,14.9010000228882,1,8
0,0.66,13.145999908447301,0,5
0,0.95,61.773998260498,0,5
0,1.63,65.81500244140629,1,5
0,1.14,83.2470016479492,1,4
0,0.7,106.494003295898,1,5
0,0.68,125.14199829101601,0,6
0,0.62,49.077999114990206,1,2
0,1.45,71.4759979248047,1,0
0,0.95,130.912002563477,0,4
0,1.8,68.0080032348633,1,0
0,1.42,68.5189971923828,1,5
0,1.01,77.8960037231445,1,5
0,1.02,105.09400177002001,1,5
0,0.7,115.76300048828101,0,8
0,1.29,128.246002197266,1,2
0,2.35,130.208999633789,1,0
0,1.35,73.870002746582,1,4
0,0.84,56.62300109863279,0,5
0,1.0,14.1700000762939,1,5
0,1.27,17.854999542236303,1,5
1,1.68,30.820999145507802,0,5
0,1.83,43.9539985656738,1,5
0,1.86,28.1609992980957,0,0
0,2.05,50.34700012207029,1,3
1,1.12,16.2900009155273,1,0
0,1.86,17.7670001983643,1,5
1,1.99,18.048999786377,1,4
1,1.47,39.1360015869141,1,7
1,2.22,14.3050003051758,0,10
1,1.16,26.6749992370605,0,3
1,0.6,31.0610008239746,1,2
1,1.62,30.5319995880127,1,5
1,1.51,27.989000320434602,1,5
1,0.91,11.0310001373291,1,5
1,0.67,12.2340002059937,1,5
1,0.81,24.003999710082997,1,10
1,1.25,14.786999702453599,1,0
0,1.12,22.002000808715803,1,0
1,1.58,11.812999725341802,1,5
0,0.71,13.71399974823,1,0
0,2.53,24.8840007781982,1,5
1,1.1,6.468999862670901,1,6
0,0.54,10.4610004425049,0,5
0,1.13,42.0110015869141,0,5
0,0.51,24.8330001831055,1,12
0,0.52,19.502000808715803,0,10
0,0.6,77.1080017089844,1,0
0,0.76,77.8850021362305,1,2
0,1.09,85.78700256347659,1,0
1,1.0,74.911003112793,1,4
0,0.61,100.53900146484399,0,0
0,1.13,125.59700012207001,1,3
0,0.86,113.69899749755899,1,3
0,1.01,119.94100189209,1,4
1,0.62,94.72000122070308,1,2
0,1.22,135.910003662109,1,3
0,0.58,78.9779968261719,1,2
0,0.63,87.9079971313477,1,5
0,0.76,88.86599731445308,1,6
1,0.78,59.5250015258789,1,0
0,1.11,57.138999938964794,1,10
0,1.36,53.832000732421896,0,0
1,0.56,68.34500122070311,1,3
0,0.74,43.1119995117188,0,0
0,0.54,9.94999980926514,0,0
1,1.01,6.645999908447269,1,0
1,0.73,38.9199981689453,0,5
1,1.17,59.5989990234375,1,0
1,0.61,43.1860008239746,1,0
1,0.83,9.94600009918213,1,0
1,1.09,41.9420013427734,1,0
1,0.51,29.361999511718803,1,0
1,0.79,16.8899993896484,1,3
0,1.33,31.152000427246104,0,12
1,1.83,18.5219993591309,1,6
1,2.18,43.4169998168945,1,4
0,2.27,15.6070003509521,1,3
1,0.84,58.4389991760254,1,4
1,0.61,25.1389999389648,1,2
0,2.83,7.27699995040894,1,8
1,0.6,27.8950004577637,1,3
0,2.51,36.083000183105504,1,7
1,1.04,35.0579986572266,1,5
1,1.36,30.507999420166,0,10
1,1.91,20.8920001983643,0,4
1,0.68,33.995998382568395,1,4
0,0.78,37.2220001220703,1,6
0,0.72,3.5250000953674303,0,6
0,0.51,23.2049999237061,0,5
0,1.66,31.993000030517603,1,7
0,1.17,43.7599983215332,1,4
0,1.47,51.630001068115206,0,3
0,1.8,51.69599914550779,1,6
1,2.05,19.6700000762939,1,8
1,0.77,32.2159996032715,1,3
1,1.31,74.0810012817383,1,9
0,0.75,53.5439987182617,1,10
0,1.21,37.10499954223629,1,4
0,0.75,65.2099990844727,1,5
1,0.71,32.7690010070801,1,0
1,0.85,29.2019996643066,1,3
1,1.55,53.689998626709006,0,4
1,0.61,22.7670001983643,1,8
0,0.58,47.675998687744105,0,11
0,0.64,49.6889991760254,1,4
1,0.96,60.827999114990206,1,5
1,0.7,24.249000549316396,1,10
1,1.37,19.613000869751,1,7
0,0.81,31.0690002441406,1,6
1,0.82,20.1030006408691,0,3
0,0.54,9.10400009155273,1,12
1,1.08,57.2400016784668,1,8
0,0.84,103.642997741699,0,3
0,0.58,100.73000335693399,1,4
0,0.57,104.69100189209,0,3
0,0.52,37.5519981384277,1,3
0,0.58,27.7180004119873,1,0
0,0.64,10.2030000686646,1,0
0,0.53,9.60900020599365,1,0
0,0.81,14.147000312805199,1,7
0,0.53,48.744998931884794,1,4
1,1.28,24.30299949646,1,10
1,0.76,36.984001159668004,1,11
1,1.39,42.2309989929199,0,10
1,2.51,28.277000427246104,0,10
1,1.68,29.7789993286133,1,6
1,1.63,71.5179977416992,1,6
1,2.27,69.30999755859379,1,12
1,1.47,30.0830001831055,1,11
1,2.86,40.372001647949205,1,5
1,1.93,47.159000396728494,1,8
1,1.42,125.307998657227,1,16
1,1.87,95.1999969482422,0,12
1,0.88,17.2569999694824,1,7
1,1.25,19.020000457763697,1,8
1,2.85,54.8559989929199,1,4
0,2.38,50.9900016784668,1,12
1,0.7,41.0709991455078,1,0
1,1.02,16.3850002288818,1,14
1,0.56,48.271999359130895,0,12
1,1.27,29.3549995422363,0,5
1,1.87,31.6669998168945,1,5
1,1.18,19.1380004882813,0,16
1,1.6,49.449001312255895,1,12
1,1.31,29.806999206543,1,10
1,1.28,59.880001068115206,1,5
1,0.8,84.7229995727539,1,12
1,2.08,93.4940032958984,0,12
1,2.16,114.147003173828,1,12
1,1.07,83.4899978637695,0,14
1,1.94,66.802001953125,1,5
1,0.83,21.797000885009798,0,3
1,1.25,26.5610008239746,0,8
0,1.06,5.36299991607666,0,4
0,1.52,87.3239974975586,0,5
0,1.66,98.11499786376949,0,10
1,1.4,79.59300231933601,0,10
1,1.17,52.1500015258789,0,10
1,1.21,43.24800109863279,0,12
0,0.65,21.216999053955103,0,5
0,0.51,26.4109992980957,1,12
1,1.11,45.8559989929199,0,15
1,0.75,64.4739990234375,1,5
0,1.28,16.5230007171631,0,16
1,1.31,38.3390007019043,0,10
1,1.03,15.7569999694824,1,10
0,1.33,20.253000259399396,1,8
1,1.7,12.6420001983643,1,12
0,0.91,30.07200050354,1,7
0,0.81,40.9129981994629,0,12
0,0.89,48.7610015869141,0,3
1,0.6,16.0690002441406,0,10
0,0.8,33.548000335693395,1,8
0,0.87,13.9460000991821,0,11
1,1.1,34.4650001525879,1,1
1,0.82,45.395999908447294,0,10
1,0.62,18.7250003814697,0,15
1,0.85,18.580999374389602,0,15
1,0.93,29.632999420166,0,17
1,0.6,33.879001617431605,0,15
0,0.74,101.900001525879,1,5
1,1.68,88.78099822998051,0,8
1,0.9,85.06300354003899,0,8
1,1.98,66.338996887207,0,10
1,2.03,78.4290008544922,1,5
0,1.86,74.572998046875,1,5
0,1.11,18.820999145507802,0,14
0,0.7,34.742000579834,0,10
0,0.98,47.4059982299805,0,16
0,1.07,75.4130020141602,1,5
0,1.43,82.4029998779297,0,7
0,0.85,97.8489990234375,1,5
0,1.07,34.390998840331996,1,5
0,1.69,95.5739974975586,1,6
1,1.35,59.209999084472706,1,5
0,1.02,14.362999916076697,0,8
0,1.14,109.66300201416,1,5
0,1.02,101.96499633789101,1,8
0,2.56,95.5989990234375,1,7
0,1.62,87.85299682617192,1,8
1,1.15,67.4550018310547,1,12
1,0.69,78.98699951171879,0,15
0,1.06,28.30299949646,0,8
0,0.98,4.728000164031981,1,0
0,1.15,22.597000122070302,1,5
0,1.36,33.004001617431605,0,15
0,1.04,36.5970001220703,0,8
1,1.5,33.2649993896484,1,0
1,1.19,47.6969985961914,0,12
0,1.22,63.728000640869105,0,0
0,0.83,125.563003540039,1,5
0,0.65,112.77100372314501,0,5
0,0.98,106.363998413086,0,5
1,0.58,92.7480010986328,1,15
0,0.52,72.8499984741211,0,5
0,1.38,74.0739974975586,0,6
1,0.63,9.44400024414063,0,5
1,0.54,21.5930004119873,0,6
0,0.54,32.0260009765625,0,9
0,0.57,22.6669998168945,0,5
0,0.62,56.870998382568395,1,0
0,0.81,77.4990005493164,1,5
1,0.72,60.862998962402294,0,14
0,0.8,30.912000656127898,0,10
1,0.75,34.166999816894496,1,8
1,1.58,100.31500244140601,1,5
1,1.18,110.008003234863,0,9
0,3.51,97.5139999389648,1,0
0,3.12,62.2869987487793,1,4
1,1.86,29.9150009155273,0,5
0,2.27,8.28999996185303,1,5
0,2.77,25.7439994812012,1,5
0,1.63,50.0250015258789,1,7
1,1.5,45.369998931884794,0,7
1,1.11,20.621999740600604,0,8
1,0.86,20.945999145507802,0,4
1,1.05,40.9529991149902,1,6
1,1.33,29.649000167846697,0,8
1,1.28,48.6609992980957,0,6
1,0.89,57.4669990539551,0,6
1,1.03,32.1399993896484,0,5
1,0.63,62.685001373290994,0,7
0,1.05,69.5329971313477,1,7
0,1.64,72.1370010375977,1,9
1,2.93,69.88800048828129,0,5
1,1.77,88.7750015258789,0,15
1,2.81,104.304000854492,0,7
1,3.77,83.2220001220703,1,7
1,0.85,26.511999130249,0,6
1,2.74,36.5379981994629,0,14
1,2.19,4.11299991607666,0,10
1,3.25,13.2410001754761,0,5
1,2.92,37.8800010681152,0,5
1,2.95,52.4770011901855,0,14
1,1.19,17.0429992675781,0,8
1,0.58,17.1539993286133,1,7
1,0.78,5.54199981689453,1,10
1,0.58,16.127000808715803,1,6
1,2.69,23.249000549316396,1,7
1,1.66,26.007999420166,1,6
1,1.83,22.0629997253418,0,12
1,1.76,27.5429992675781,0,10
1,2.91,13.6590003967285,1,6
1,3.22,14.5129995346069,0,15
1,2.29,3.49900007247925,0,12
1,1.75,11.932000160217301,0,15
1,2.33,8.69499969482422,0,10
1,2.73,10.0900001525879,0,12
1,1.3,20.386999130249,0,16
1,1.84,18.436000823974602,0,10
1,1.6,26.5349998474121,0,12
1,1.56,21.6340007781982,0,7
1,3.11,25.3980007171631,0,7
1,2.78,21.8349990844727,1,5
1,4.35,36.180999755859396,0,8
1,4.07,31.152999877929698,0,7
1,3.31,34.945999145507805,0,10
1,0.93,34.4930000305176,1,8
1,3.03,34.548999786377,1,8
1,5.19,16.2150001525879,0,5
1,5.04,28.510999679565398,1,5
0,0.56,37.1780014038086,1,4
0,0.56,44.3110008239746,0,5
0,1.64,39.3800010681152,1,1
1,1.2,26.818000793457,0,0
0,0.57,14.8439998626709,1,1
0,1.7,28.6860008239746,0,5
0,1.29,70.5510025024414,0,5
1,0.56,9.24199962615967,0,0
0,0.51,12.5410003662109,0,5
0,0.97,30.7159996032715,0,5
0,0.85,38.1319999694824,0,5
0,0.97,61.12699890136721,0,5
0,1.32,39.9850006103516,1,5
0,0.71,30.830999374389602,0,7
0,0.81,31.9099998474121,0,6
0,2.62,35.819999694824205,1,3
1,0.73,26.7150001525879,1,4
1,0.62,31.7119998931885,1,4
1,0.86,20.878000259399396,1,0
0,0.74,14.489000320434599,1,8
1,0.56,21.6730003356934,0,8
1,0.51,8.197999954223631,1,3
1,1.2,10.7270002365112,1,6
1,3.35,12.9160003662109,0,7
0,0.56,8.628999710082999,1,7
1,0.61,20.4869995117188,0,13
1,0.8,15.302000045776401,0,8
0,0.69,15.9079999923706,1,7
0,0.73,11.263999938964801,1,5
1,2.78,25.895999908447298,1,7
1,1.71,20.6949996948242,1,5
1,0.66,34.7509994506836,0,13
1,0.75,58.7960014343262,1,7
1,0.86,48.8549995422363,1,6
1,1.01,33.916999816894496,1,7
1,1.02,36.435001373291,1,5
1,1.33,9.871000289917001,1,6
1,0.53,41.8849983215332,1,5
0,0.6,30.9570007324219,0,6
0,0.63,109.763999938965,1,8
0,0.54,108.00399780273399,1,5
1,0.66,104.55599975585899,1,6
1,1.49,72.16400146484379,0,10
1,0.8,26.5610008239746,1,12
1,0.68,43.867000579834006,0,10
1,0.89,55.173000335693395,0,7
1,2.19,44.629001617431605,0,10
1,0.63,31.3810005187988,0,12
1,2.1,116.278999328613,1,7
1,1.63,178.412002563477,0,14
1,1.45,129.889007568359,1,8
1,1.11,13.5530004501343,0,12
1,1.51,25.544000625610398,1,8
1,2.38,39.9500007629395,0,12
1,2.5,36.915000915527294,0,12
0,1.43,37.9949989318848,0,8
1,0.78,59.7430000305176,1,6
0,0.65,70.75599670410159,1,6
0,0.72,5.47800016403198,1,6
0,0.78,35.007999420166,0,16
0,0.57,9.88599967956543,0,5
1,0.63,26.492000579834,1,5
0,0.53,34.8370018005371,1,5
1,2.69,5.781000137329099,0,10
0,2.6,10.5939998626709,1,7
0,2.95,23.632999420166,0,15
0,1.46,40.4650001525879,0,15
0,1.39,34.4539985656738,0,10
0,0.73,20.9179992675781,1,10
0,0.6,19.0620002746582,1,10
1,3.56,76.8539962768555,0,8
0,1.5,59.507999420165994,1,6
1,0.64,46.978000640869105,0,4
1,0.62,14.4040002822876,0,5
0,1.39,10.442999839782699,1,3
1,1.66,30.9689998626709,0,4
1,2.22,57.443000793457,0,5
0,3.77,28.5450000762939,1,6
0,3.26,51.359001159668,0,0
1,3.87,53.298000335693395,0,10
1,3.97,16.7980003356934,0,5
0,2.04,148.81799316406298,1,5
0,0.95,54.8940010070801,1,4
1,2.16,54.9669990539551,1,4
1,0.98,58.4630012512207,1,7
1,0.9,41.778999328613295,1,3
1,1.06,6.604000091552731,1,5
1,1.18,10.729999542236301,1,5
1,1.15,19.7600002288818,1,6
1,1.17,33.838001251220696,1,0
1,0.89,63.04499816894529,1,3
0,1.11,39.916999816894496,1,8
0,1.54,107.33699798584,1,6
0,0.63,61.91999816894529,0,0
1,0.72,60.5009994506836,1,9
1,0.57,40.3419990539551,1,5
0,0.73,37.8359985351563,1,7
0,0.62,32.123001098632805,0,10
0,0.59,5.64300012588501,0,12
0,0.85,12.8839998245239,1,6
1,4.28,25.580999374389602,0,14
0,0.69,84.6839981079102,1,7
0,0.57,6.5770001411438,0,7
0,0.72,24.0869998931885,0,10
0,0.74,22.638000488281303,1,7
0,0.86,29.9540004730225,0,7
1,1.12,6.875,0,8
0,0.54,25.7240009307861,0,8
0,1.14,29.497999191284197,0,9
0,0.76,40.278999328613295,0,5
0,0.68,37.82899856567379,0,7
0,0.62,23.489999771118196,0,7
0,1.18,31.033000946044897,1,0
0,1.03,32.101001739502,1,6
0,3.13,114.00099945068399,1,6
0,3.01,76.177001953125,1,8
0,3.08,76.5699996948242,0,7
0,2.99,58.898998260498,1,4
0,2.7,47.3839988708496,1,2
0,3.78,39.155998229980504,1,6
1,1.87,40.8339996337891,0,10
0,1.11,25.7049999237061,0,6
0,0.67,48.5839996337891,0,5
0,2.59,50.9189987182617,1,2
0,1.09,46.75199890136721,0,5
0,0.85,39.6699981689453,0,0
0,3.02,136.126998901367,0,5
1,3.57,4.75500011444092,1,5
0,0.69,56.058998107910206,0,4
1,1.72,43.3899993896484,1,8
0,0.79,58.6259994506836,0,5
1,0.76,31.4009990692139,0,12
1,1.39,18.2880001068115,0,12
1,2.91,12.748000144958501,0,12
1,0.92,17.9260005950928,0,8
1,0.58,15.887000083923303,1,8
0,0.55,32.4620018005371,1,10
0,1.29,180.440002441406,0,0
0,2.88,136.427993774414,0,0
1,1.54,195.184005737305,0,10
0,2.25,134.00100708007798,1,6
0,0.92,18.576000213623,1,5
1,2.02,19.857000350952102,1,6
1,1.88,5.50400018692017,1,6
1,0.57,33.339000701904304,0,10
1,0.63,19.607000350952102,0,12
1,1.28,9.876000404357901,1,5
0,1.21,43.7080001831055,0,5
0,0.91,68.03399658203129,0,5
0,1.14,49.8689994812012,0,4
0,0.97,33.1629981994629,0,5
0,1.05,10.253999710082999,0,8
0,0.82,27.155000686645497,0,0
0,1.12,43.12300109863279,0,3
0,1.26,62.25199890136721,0,5
1,0.79,23.358999252319304,1,0
0,1.16,28.402000427246104,1,0
1,2.89,48.6160011291504,1,0
0,2.39,34.294998168945305,0,14
0,2.2,41.9900016784668,0,12
1,7.15,15.8009996414185,0,5
0,1.32,18.69700050354,0,4
1,0.89,23.777999877929698,0,8
0,0.79,32.1510009765625,0,3
1,1.26,44.47200012207029,0,5
0,0.58,6.502999782562259,0,5
1,3.75,74.3669967651367,1,5
1,3.93,63.595001220703104,0,0
1,2.61,60.5750007629395,0,0
1,3.22,41.2999992370605,0,0
0,0.89,22.0590000152588,0,6
0,1.15,26.645999908447298,1,2
0,0.72,30.1870002746582,0,6
0,0.69,36.207000732421896,1,4
0,1.41,49.648998260498,0,5
0,1.34,80.911003112793,0,8
0,2.06,51.7630004882813,0,5
1,3.14,26.2280006408691,0,10
1,2.42,20.1380004882813,0,10
0,0.58,11.8719997406006,1,6
0,0.98,35.5089988708496,0,0
1,1.58,39.0779991149902,0,10
0,0.63,32.6660003662109,0,3
0,0.65,57.620998382568395,0,1
0,2.31,49.9010009765625,0,0
0,1.9,27.4500007629395,0,0
0,3.34,31.4549999237061,0,7
1,0.69,29.5729999542236,0,0
0,1.31,17.4400005340576,0,0
0,0.66,29.0869998931885,0,0
0,0.51,12.7749996185303,0,0
1,0.91,15.817999839782699,0,0
0,0.75,41.555999755859396,1,0
0,0.97,7.77799987792969,1,0
0,0.55,15.4230003356934,1,0
1,4.67,55.694000244140604,0,8
1,0.63,75.7740020751953,0,8
1,0.89,52.44599914550779,0,9
1,1.55,47.433998107910206,0,6
0,2.08,63.4650001525879,0,10
0,0.63,42.819000244140604,0,5
0,0.76,23.652000427246104,0,9
1,1.41,47.45500183105471,0,5
1,2.8,39.132999420166,0,5
0,1.2,86.541000366211,0,7
1,0.97,64.90699768066399,1,5
0,1.18,43.0149993896484,1,6
1,0.76,13.109999656677198,0,14
1,1.37,10.6300001144409,0,12
0,1.26,17.003999710083,0,15
0,1.21,167.024993896484,0,16
0,1.34,157.936996459961,1,5
0,3.17,7.59299993515015,0,5
0,1.17,16.031000137329098,1,5
0,2.11,143.242004394531,0,7
1,0.86,177.272003173828,0,10
0,3.33,57.7610015869141,0,0
1,2.5,93.4260025024414,1,0
1,3.57,45.7439994812012,1,0
1,2.46,55.685001373290994,0,10
1,3.13,82.0329971313477,0,0
1,0.92,51.3499984741211,0,5
1,2.16,11.0349998474121,0,10
0,1.15,35.0900001525879,0,0
0,1.28,34.445999145507805,0,0
0,1.27,92.12000274658199,0,4
1,1.19,21.6709995269775,0,5
0,0.77,19.2399997711182,0,8
1,1.59,116.107002258301,1,12
0,0.82,35.4389991760254,0,2
1,2.07,48.944000244140604,0,4
1,1.61,44.154998779296896,1,4
1,2.07,68.8050003051758,1,5
0,2.47,99.91000366210942,0,5
0,0.93,28.1450004577637,0,8
1,1.17,6.15700006484985,0,12
0,1.02,5.97200012207031,0,9
0,0.75,27.3190002441406,0,5
0,1.17,16.343999862670902,0,5
1,1.37,20.9330005645752,0,5
0,1.3,48.683998107910206,0,0
1,1.41,62.0830001831055,0,9
0,1.84,58.845001220703104,0,5
1,1.22,58.994998931884794,0,12
1,0.99,50.83000183105471,0,5
0,0.61,16.8369998931885,0,8
0,1.76,13.2559995651245,0,6
1,1.09,86.73400115966801,1,12
0,1.38,54.8050003051758,0,5
0,1.75,123.44100189209,0,4
0,0.58,121.415000915527,0,6
0,0.88,21.997999191284197,0,12
0,2.28,83.4130020141602,0,12
0,1.55,39.1479988098145,0,7
0,2.03,64.1510009765625,1,4
0,0.99,14.239000320434599,0,0
0,0.58,5.872000217437741,0,0
1,3.47,17.794000625610398,0,5
1,5.62,34.5190010070801,0,5
0,2.78,46.6360015869141,1,14
0,0.73,15.6490001678467,0,0
0,0.64,8.906999588012699,0,0
1,0.81,22.270999908447298,0,8
0,0.55,24.117000579834,0,0
0,0.59,26.364000320434602,0,5
1,0.87,15.361000061035199,1,8
1,1.51,38.6790008544922,1,0
1,0.75,18.7590007781982,0,5
1,0.61,32.030998229980504,0,10
0,0.78,52.512001037597706,1,5
0,2.47,144.576995849609,1,5
0,3.67,151.065994262695,0,0
0,3.09,28.138000488281303,1,10
0,1.62,20.0270004272461,1,6
0,0.91,25.6439990997314,1,7
1,0.72,83.3239974975586,1,5
0,0.7,83.8239974975586,1,4
1,0.98,43.2910003662109,0,0
1,2.81,34.8089981079102,0,5
1,0.62,18.895000457763697,0,8
0,0.72,15.831000328064,0,12
0,0.64,31.8020000457764,0,5
0,1.07,2.0969998836517303,0,5
1,1.37,62.566001892089794,0,8
1,1.19,20.215000152587898,0,8
1,1.4,11.5500001907349,0,5
1,1.9,78.50599670410159,0,4
0,1.22,54.5250015258789,1,3
0,1.37,72.0759963989258,1,8
1,7.38,32.7309989929199,1,8
0,3.04,10.6300001144409,0,8
1,1.14,70.88099670410159,1,7
1,1.17,28.8139991760254,0,12
0,0.64,20.3250007629395,1,16
1,4.19,17.1809997558594,1,0
1,1.94,5.0689997673034695,1,5
1,1.18,21.1149997711182,0,10
1,0.62,27.7310009002686,0,0
0,4.95,36.548999786377,1,6
0,4.39,60.7080001831055,1,6
0,3.9,54.3400001525879,0,4
0,1.05,47.425998687744105,0,5
1,1.44,36.681999206543004,0,0
1,3.5,28.636999130249,0,0
0,1.42,36.234001159668004,0,0
0,1.33,33.8160018920898,0,0
0,1.13,60.05400085449221,0,5
0,0.94,107.438003540039,1,5
0,0.89,87.0199966430664,1,5
0,0.55,34.0530014038086,0,0
1,0.92,11.677000045776401,0,0
0,0.52,14.383000373840302,0,0
0,0.61,21.547000885009798,0,1
1,0.91,89.1060028076172,0,2
1,9.65,71.5429992675781,1,5
1,4.18,65.3470001220703,0,3
1,1.59,26.7819995880127,1,8
1,2.08,15.6009998321533,1,8
0,0.73,74.2519989013672,0,5
1,1.23,58.4930000305176,0,9
1,1.36,31.0839996337891,0,10
1,1.13,11.7370004653931,0,6
1,1.82,25.4740009307861,0,5
0,2.3,37.0989990234375,0,0
0,1.77,68.00099945068361,0,5
0,2.13,61.332000732421896,0,8
0,0.86,27.9249992370605,0,5
0,0.67,22.2900009155273,0,10
0,0.76,65.95400238037111,1,12
1,1.5,58.790000915527294,1,0
0,2.0,38.38100051879879,0,6
0,0.52,34.2179985046387,1,7
0,1.44,109.474998474121,0,0
1,3.25,34.9949989318848,0,12
0,0.68,45.3479995727539,1,9
1,0.85,34.214000701904304,1,7
1,0.56,25.5930004119873,1,7
1,0.65,54.1150016784668,0,5
1,0.57,36.617000579834,0,6
0,0.52,34.405998229980504,0,5
0,2.05,18.2229995727539,1,0
0,1.28,6.131999969482419,0,6
0,1.62,64.3980026245117,0,5
0,1.52,70.0419998168945,0,5
0,0.8,88.41400146484379,1,3
0,0.59,64.02500152587889,0,0
0,0.53,97.6370010375977,0,2
0,1.72,168.48800659179702,0,4
1,3.38,18.0939998626709,0,5
0,0.65,8.88399982452393,0,0
1,1.11,40.484001159668004,0,0
1,2.5,8.33699989318848,0,0
1,3.66,24.3229999542236,0,5
1,4.8,28.277000427246104,0,9
0,1.53,30.8899993896484,0,0
0,0.58,15.727999687194801,1,5
1,1.58,8.99199962615967,0,0
0,0.56,23.2310009002686,0,0
0,0.67,14.0349998474121,0,0
1,2.8,27.030000686645497,0,0
0,3.17,64.7259979248047,0,0
0,2.68,43.257999420165994,0,5
0,1.64,10.440999984741199,0,13
0,2.0,22.989999771118196,0,5
1,0.74,15.512000083923303,0,5
0,0.67,20.8390007019043,1,12
1,2.29,119.88500213622999,0,5
0,1.52,38.7949981689453,0,5
1,0.59,41.2130012512207,0,5
1,1.43,41.1580009460449,0,0
1,1.35,42.5919990539551,1,0
1,1.07,6.449999809265139,1,5
0,1.88,26.738000869751,1,9
0,0.61,7.255000114440921,0,0
0,0.57,7.26999998092651,0,5
0,1.2,11.4940004348755,1,10
0,0.57,13.163999557495101,0,12
1,0.86,11.2600002288818,1,7
1,2.54,25.4209995269775,0,5
1,1.13,34.344001770019496,1,10
1,0.58,62.856998443603494,1,5
0,2.86,117.69000244140601,1,5
1,2.95,145.792007446289,0,5
0,1.28,114.54499816894501,1,5
0,2.8,79.5849990844727,0,6
1,2.66,73.36399841308601,0,0
0,0.55,32.160999298095696,0,10
0,0.64,35.2220001220703,0,5
0,0.73,55.646999359130895,0,0
1,0.66,70.5869979858398,0,0
1,1.23,58.9140014648438,0,4
1,1.13,77.734001159668,0,5
1,1.08,38.0709991455078,0,0
0,0.66,10.1319999694824,1,8
0,2.34,48.300998687744105,0,0
0,0.72,71.0,0,10
0,1.26,38.8569984436035,1,5
0,0.73,79.9029998779297,1,10
0,0.57,134.59500122070298,1,7
0,0.98,153.546005249023,1,8
0,0.88,14.8579998016357,0,10
0,0.53,9.97700023651123,0,14
0,0.96,26.3199996948242,0,0
0,0.52,19.347000122070302,1,5
0,1.08,21.385999679565398,1,3
0,0.51,7.70800018310547,0,4
0,0.64,22.841999053955103,0,3
1,0.66,20.8439998626709,1,5
